player_id,league_id,season,game_type,games_played,games_started,minutes,total_seconds,fgm,fga,fg_pct,2fgm,2fga,2fg_pct,3fgm,3fga,3fg_pct,ftm,fta,ft_pct,oreb,dreb,reb,ast,tov,stl,blk,blka,pf,techs,plusminus,pts,pfd
2,NBA,2022,playoffs,16,,619.2483333,37154.9,147,295,0.498,119,189,0.62962963,28,106,0,70,92,0.761,25,133,158,104,40,17,18,8,28,,12,392,71
2,NBA,2022,regular,55,54,1953.94,117236.4,609,1219,0.5,488,842,0.579572447,121,377,0,251,327,0.768,65,392,457,375,178,50,32,47,88,0,214,1590,273
3,NBA,2022,regular,37,2,298.4983333,17909.9,48,75,0.64,46,71,0.647887324,2,4,0,14,18,0.778,23,28,51,19,25,2,8,7,43,0,-58,112,27
3,NBA,2022,playoffs,2,,6.05,363,3,3,1,3,3,1,0,0,0,2,2,1,1,0,1,0,1,0,0,0,2,,3,8,1
4,NBA,2022,regular,78,19,1709.57,102574.2,160,381,0.42,36,64,0.5625,124,317,0,34,48,0.708,62,237,299,121,50,54,44,5,149,0,165,478,41
4,NBA,2022,playoffs,5,,91.68333333,5501,8,19,0.421,2,2,1,6,17,0,0,0,0,1,10,11,6,2,2,2,1,10,,-28,22,1
5,NBA,2022,playoffs,1,,2.5,150,0,4,0,0,3,0,0,1,0,0,0,0,0,0,0,1,0,0,0,0,0,,-7,0,0
5,NBA,2022,regular,27,0,337.865,20271.9,61,159,0.384,42,96,0.4375,19,63,0,11,12,0.917,8,32,40,46,22,7,5,13,18,0,-29,152,13
7,NBA,2022,playoffs,20,,343.0533333,20583.2,28,62,0.452,19,34,0.558823529,9,28,0,17,19,0.895,6,25,31,14,9,5,7,0,43,,-11,82,32
7,NBA,2022,regular,56,4,1091.116667,65467,160,328,0.488,130,224,0.580357143,30,104,0,87,117,0.744,38,106,144,69,46,18,17,17,99,0,-193,437,95
9,NBA,2022,regular,45,1,491.8166667,29509,69,160,0.431,14,19,0.736842105,55,141,0,13,15,0.867,10,43,53,21,10,11,8,3,53,0,-37,206,28
11,NBA,2022,playoffs,6,,69.15666667,4149.4,8,27,0.296,2,5,0.4,6,22,0,0,0,0,0,8,8,1,1,1,2,0,6,,-6,22,0
11,NBA,2022,regular,63,8,1330.508333,79830.5,200,465,0.43,105,207,0.507246377,95,258,0,27,34,0.794,22,132,154,95,43,35,10,16,97,0,-76,522,33
12,NBA,2022,regular,56,56,1938.891667,116333.5,459,1004,0.457,301,578,0.520761246,158,426,0,256,294,0.871,45,297,342,288,176,83,20,37,159,0,157,1332,230
13,NBA,2022,regular,49,2,480.445,28826.7,65,125,0.52,57,101,0.564356436,8,24,0,30,42,0.714,32,61,93,34,26,15,12,8,84,0,-4,168,36
17,NBA,2022,regular,78,55,2364.485,141869.1,192,470,0.409,41,73,0.561643836,151,397,0,26,37,0.703,32,251,283,108,36,54,13,9,166,0,-87,561,31
19,NBA,2022,regular,48,42,1184.351667,71061.1,138,307,0.45,44,89,0.494382022,94,218,0,27,30,0.9,21,77,98,59,28,45,12,14,93,0,-84,397,37
20,NBA,2022,playoffs,3,,68.47166667,4108.3,10,29,0.345,8,17,0.470588235,2,12,0,4,4,1,1,11,12,0,1,1,1,1,6,,-41,26,3
20,NBA,2022,regular,65,65,1825.113333,109506.8,274,643,0.426,162,336,0.482142857,112,307,0,68,87,0.782,29,229,258,114,56,42,21,15,136,0,-16,728,72
21,NBA,2022,regular,9,1,143.9016667,8634.1,24,57,0.421,17,29,0.586206897,7,28,0,17,21,0.81,3,13,16,19,4,2,2,5,11,0,-1,72,16
22,NBA,2022,regular,31,1,358.1133333,21486.8,45,117,0.385,24,42,0.571428571,21,75,0,10,13,0.769,27,80,107,53,32,4,14,5,57,0,-152,121,23
23,NBA,2022,playoffs,4,,46.24166667,2774.5,4,8,0.5,2,2,1,2,6,0,0,0,0,1,4,5,1,1,1,0,0,1,,-20,10,1
23,NBA,2022,regular,52,10,1016.33,60979.8,91,209,0.435,48,86,0.558139535,43,123,0,30,39,0.769,5,78,83,75,23,28,4,13,80,0,-142,255,46
25,NBA,2022,regular,71,45,2152.233333,129134,340,847,0.401,128,297,0.430976431,212,550,0,127,165,0.77,21,230,251,129,60,49,12,25,120,0,160,1019,155
27,NBA,2022,regular,60,60,1777.941667,106676.5,349,679,0.514,322,592,0.543918919,27,87,0,112,143,0.783,69,165,234,341,139,87,26,40,131,0,-130,837,112
28,NBA,2022,playoffs,2,,80.38,4822.8,24,44,0.545,18,34,0.529411765,6,10,0,15,17,0.882,3,10,13,12,6,4,1,0,5,,-7,69,12
28,NBA,2022,regular,52,50,1747.488333,104849.3,446,871,0.512,342,621,0.550724638,104,250,0,243,279,0.871,57,281,338,204,88,72,28,25,84,0,220,1239,214
29,NBA,2022,regular,51,8,1122.443333,67346.6,200,459,0.436,101,220,0.459090909,99,239,0,153,188,0.814,19,139,158,114,58,38,8,14,98,0,-7,652,138
30,NBA,2022,playoffs,6,,151.1733333,9070.4,23,38,0.605,23,38,0.605263158,0,0,0,4,6,0.667,15,35,50,3,4,6,3,6,5,,-28,50,7
30,NBA,2022,regular,65,63,1730.083333,103805,350,536,0.653,350,535,0.654205607,0,1,0,79,131,0.603,258,459,717,58,54,45,79,26,139,0,-30,779,126
31,NBA,2022,regular,56,2,992.96,59577.6,138,364,0.379,72,184,0.391304348,66,180,0,37,47,0.787,15,122,137,112,48,28,13,25,56,0,-168,379,32
34,NBA,2022,playoffs,5,,192.2966667,11537.8,43,105,0.41,33,77,0.428571429,10,28,0,22,25,0.88,9,29,38,37,20,6,7,6,15,,-27,118,23
34,NBA,2022,regular,73,24,2125.826667,127549.6,432,991,0.436,343,705,0.486524823,89,286,0,206,314,0.656,89,334,423,551,255,76,33,79,162,0,-21,1159,212
35,NBA,2022,regular,11,0,124.035,7442.1,22,53,0.415,16,38,0.421052632,6,15,0,5,9,0.556,15,29,44,6,4,14,4,2,5,0,-19,55,11
36,NBA,2022,regular,68,40,1656.853333,99411.2,263,640,0.411,167,352,0.474431818,96,288,0,71,78,0.91,25,119,144,233,115,47,6,16,114,0,-79,693,78
36,NBA,2022,playoffs,6,,18.06666667,1084,1,2,0.5,0,0,,1,2,0,0,0,0,0,2,2,2,1,1,0,0,0,,-4,3,0
37,NBA,2022,regular,27,7,458.6933333,27521.6,56,166,0.337,21,52,0.403846154,35,114,0,18,21,0.857,4,45,49,36,22,16,3,4,46,0,-54,165,18
38,NBA,2022,regular,54,9,1508.608333,90516.5,273,611,0.447,127,251,0.505976096,146,360,0,64,77,0.831,23,142,165,150,65,43,18,13,86,0,64,756,63
38,NBA,2022,playoffs,6,,156.7183333,9403.1,30,54,0.556,15,21,0.714285714,15,33,0,5,7,0.714,2,16,18,15,3,6,5,0,16,,16,80,7
39,NBA,2022,playoffs,7,,48.81833333,2929.1,9,23,0.391,4,5,0.8,5,18,0,0,0,0,0,5,5,3,2,0,1,0,10,,-21,23,0
39,NBA,2022,regular,57,1,796.7,47802,136,252,0.54,94,141,0.666666667,42,111,0,52,67,0.776,72,133,205,51,52,25,23,14,105,0,-156,366,55
41,NBA,2022,playoffs,4,,159.3833333,9563,22,51,0.431,15,33,0.454545455,7,18,0,15,22,0.682,1,12,13,26,12,5,1,4,7,,-30,66,18
41,NBA,2022,regular,79,79,2725.335,163520.1,460,1050,0.438,279,560,0.498214286,181,490,0,268,330,0.812,28,242,270,515,145,67,24,62,187,0,-8,1369,252
43,NBA,2022,regular,49,7,768.4283333,46105.7,117,241,0.485,69,117,0.58974359,48,124,0,41,62,0.661,58,167,225,46,30,13,43,14,105,0,8,323,49
43,NBA,2022,playoffs,3,,10.19166667,611.5,0,2,0,0,1,0,0,1,0,0,0,0,0,3,3,1,0,0,1,0,0,,8,0,0
44,NBA,2022,playoffs,2,,11.98333333,719,0,3,0,0,1,0,0,2,0,0,0,0,0,2,2,2,0,0,1,0,2,,-6,0,0
44,NBA,2022,regular,48,0,778.6416667,46718.5,102,229,0.445,48,93,0.516129032,54,136,0,30,40,0.75,31,135,166,57,32,38,33,9,86,0,-7,288,35
45,NBA,2022,regular,17,4,194.68,11680.8,13,36,0.361,12,34,0.352941176,1,2,0,8,12,0.667,10,36,46,10,13,16,10,2,32,0,-75,35,16
46,NBA,2022,regular,50,14,1221.171667,73270.3,138,291,0.474,97,172,0.563953488,41,119,0,52,60,0.867,58,122,180,194,44,92,17,14,59,0,69,369,81
47,NBA,2022,playoffs,20,,712.7516667,42765.1,101,195,0.518,83,149,0.55704698,18,46,0,45,69,0.652,49,71,120,52,20,11,13,20,58,,187,265,58
47,NBA,2022,regular,68,68,2055.106667,123306.4,429,761,0.564,369,588,0.62755102,60,173,0,191,314,0.608,164,282,446,203,98,54,51,65,129,0,518,1109,242
48,NBA,2022,regular,15,2,216.6116667,12996.7,37,59,0.627,37,57,0.649122807,0,2,0,24,35,0.686,25,39,64,10,14,3,4,3,33,0,-48,98,33
48,NBA,2022,playoffs,21,,174.23,10453.8,20,35,0.571,20,35,0.571428571,0,0,0,6,15,0.4,11,37,48,7,13,2,4,4,28,,-2,46,15
49,NBA,2022,regular,76,64,1457.935,87476.1,197,269,0.732,197,264,0.746212121,0,5,0,112,168,0.667,149,165,314,69,65,48,26,17,209,0,166,506,189
51,NBA,2022,regular,57,53,1689.54,101372.4,322,613,0.525,242,388,0.62371134,80,225,0,144,195,0.738,120,377,497,132,106,30,33,18,159,0,-41,868,163
53,NBA,2022,playoffs,10,,329.6133333,19776.8,55,147,0.374,38,81,0.469135802,17,66,0,39,55,0.709,17,66,83,36,35,5,3,7,24,,15,166,39
53,NBA,2022,regular,77,77,2737.251667,164235.1,658,1432,0.459,440,796,0.552763819,218,636,0,402,531,0.757,141,626,767,316,216,49,21,57,233,0,170,1936,378
55,NBA,2022,regular,69,69,2323.006667,139380.4,646,1022,0.632,589,873,0.674684994,57,149,0,341,415,0.822,167,650,817,678,247,87,47,49,174,0,640,1690,392
55,NBA,2022,playoffs,20,,788.8483333,47330.9,227,414,0.548,192,338,0.568047337,35,76,0,111,139,0.799,69,200,269,190,70,21,20,17,69,,169,600,134
57,NBA,2022,regular,31,0,171.065,10263.9,41,60,0.683,41,59,0.694915254,0,1,0,20,27,0.741,20,40,60,9,14,5,2,3,10,0,66,102,29
59,NBA,2022,regular,57,18,1109.466667,66568,198,396,0.5,147,233,0.630901288,51,163,0,153,182,0.841,69,190,259,84,68,37,13,31,136,0,-27,600,150
60,NBA,2022,regular,60,8,1567.135,94028.1,340,710,0.479,226,423,0.53427896,114,287,0,225,277,0.812,24,151,175,109,101,50,18,39,125,0,-124,1019,223
60,NBA,2022,playoffs,5,,167.3366667,10040.2,36,76,0.474,23,44,0.522727273,13,32,0,24,31,0.774,4,11,15,11,8,4,2,9,16,,-13,109,22
61,NBA,2022,regular,20,4,172.3533333,10341.2,9,37,0.243,1,14,0.071428571,8,23,0,0,0,0,0,15,15,23,7,5,0,2,17,0,-40,26,12
62,NBA,2022,playoffs,6,,164.1083333,9846.5,26,60,0.433,15,28,0.535714286,11,32,0,5,6,0.833,7,19,26,5,9,2,6,7,13,,-9,68,8
62,NBA,2022,regular,71,71,2129.646667,127778.8,359,707,0.508,289,467,0.618843683,70,240,0,143,178,0.803,77,385,462,85,79,42,73,46,220,0,-21,931,193
63,NBA,2022,regular,65,65,2133.385,128003.1,473,1041,0.454,301,609,0.494252874,172,432,0,180,216,0.833,48,209,257,400,145,66,16,35,103,0,300,1298,179
63,NBA,2022,playoffs,20,,798.53,47911.8,194,410,0.473,135,261,0.517241379,59,149,0,75,81,0.926,15,98,113,142,50,30,5,22,41,,181,522,82
66,NBA,2022,regular,56,54,1904.51,114270.6,542,962,0.563,523,888,0.588963964,19,74,0,348,444,0.784,195,507,702,148,122,59,114,58,146,0,205,1451,329
66,NBA,2022,playoffs,16,,607.7083333,36462.5,132,254,0.52,127,239,0.531380753,5,15,0,92,108,0.852,38,187,225,41,34,22,50,16,46,,54,361,85
67,NBA,2022,regular,70,32,1505.418333,90325.1,261,478,0.546,231,365,0.632876712,30,113,0,82,108,0.759,69,336,405,69,112,30,85,19,92,0,-146,634,86
68,NBA,2022,regular,76,76,2169.41,130164.6,326,514,0.634,326,512,0.63671875,0,2,0,166,238,0.697,236,520,756,77,117,29,98,46,219,0,-33,818,215
68,NBA,2022,playoffs,5,,129.7933333,7787.6,17,30,0.567,17,30,0.566666667,0,0,0,12,16,0.75,16,32,48,3,11,3,1,4,8,,-46,46,14
69,NBA,2022,playoffs,11,,298.0433333,17882.6,29,48,0.604,29,48,0.604166667,0,0,0,13,33,0.394,55,47,102,9,10,8,16,4,29,,-1,71,26
69,NBA,2022,regular,59,58,1588.828333,95329.7,188,280,0.671,188,280,0.671428571,0,0,0,59,122,0.484,267,288,555,53,41,56,109,27,160,0,185,435,113
70,NBA,2022,regular,75,75,2202.776667,132166.6,420,866,0.485,215,356,0.603932584,205,510,0,95,131,0.725,42,209,251,221,97,80,24,24,181,0,222,1140,99
70,NBA,2022,playoffs,7,,183.08,10984.8,25,72,0.347,17,33,0.515151515,8,39,0,6,8,0.75,1,30,31,8,4,3,9,2,23,,-4,64,8
71,NBA,2022,regular,25,0,267.72,16063.2,30,83,0.361,16,37,0.432432432,14,46,0,15,15,1,4,11,15,17,12,7,2,5,22,0,-48,89,13
73,NBA,2022,regular,66,66,2008.825,120529.5,196,501,0.391,82,163,0.503067485,114,338,0,45,59,0.763,114,202,316,100,62,55,36,20,144,0,-8,551,56
73,NBA,2022,playoffs,4,,100.5183333,6031.1,9,23,0.391,2,6,0.333333333,7,17,0,0,0,0,6,12,18,3,5,3,2,1,7,,-16,25,0
75,NBA,2022,regular,27,8,517.9866667,31079.2,43,122,0.352,17,36,0.472222222,26,86,0,16,21,0.762,26,70,96,37,17,19,11,4,40,0,-118,128,15
76,NBA,2022,playoffs,5,,106.6733333,6400.4,12,23,0.522,4,7,0.571428571,8,16,0,4,4,1,5,15,20,7,1,4,0,1,8,,39,36,2
76,NBA,2022,regular,59,14,1315.085,78905.1,188,382,0.492,55,113,0.486725664,133,269,0,37,39,0.949,15,143,158,91,46,32,5,12,82,0,211,546,37
77,NBA,2022,playoffs,11,,377.415,22644.9,71,164,0.433,51,103,0.495145631,20,61,0,50,65,0.769,5,44,49,31,25,9,2,13,25,,-23,212,38
77,NBA,2022,regular,73,73,2475.465,148527.9,510,1176,0.434,389,786,0.494910941,121,390,0,290,392,0.74,60,308,368,201,164,31,15,94,179,0,-62,1431,268
78,NBA,2022,regular,63,5,951.7233333,57103.4,152,332,0.458,87,146,0.595890411,65,186,0,46,60,0.767,34,143,177,33,50,24,12,12,95,0,-226,415,43
79,NBA,2022,regular,62,61,1696.086667,101765.2,247,515,0.48,169,311,0.54340836,78,204,0,64,77,0.831,26,184,210,326,60,43,13,19,75,0,6,636,72
81,NBA,2022,regular,47,5,607.5916667,36455.5,48,132,0.364,31,65,0.476923077,17,67,0,22,33,0.667,7,55,62,58,29,16,7,7,65,0,35,135,32
82,NBA,2022,regular,30,0,469.495,28169.7,65,122,0.533,47,82,0.573170732,18,40,0,26,39,0.667,22,73,95,67,33,16,6,9,48,0,-92,174,33
84,NBA,2022,playoffs,11,,219.77,13186.2,11,23,0.478,11,23,0.47826087,0,0,0,12,16,0.75,23,28,51,14,5,9,15,1,29,,-2,34,18
84,NBA,2022,regular,82,8,1628.216667,97693,175,327,0.535,167,290,0.575862069,8,37,0,48,71,0.676,209,327,536,102,66,53,64,17,213,0,151,406,70
85,NBA,2022,regular,40,20,989.6066667,59376.4,139,312,0.446,94,168,0.55952381,45,144,0,64,75,0.853,18,70,88,57,47,39,14,20,72,0,-193,387,56
86,NBA,2022,playoffs,6,,230.075,13804.5,60,149,0.403,42,95,0.442105263,18,54,0,37,43,0.86,5,17,22,61,24,10,4,13,11,,-37,175,36
86,NBA,2022,regular,73,73,2540.74,152444.4,597,1390,0.429,443,930,0.476344086,154,460,0,566,639,0.886,56,161,217,741,300,80,9,85,104,0,100,1914,466
87,NBA,2022,regular,60,9,889.0233333,53341.4,108,227,0.476,65,112,0.580357143,43,115,0,38,41,0.927,24,104,128,80,37,22,14,9,84,0,-66,297,46
87,NBA,2022,playoffs,5,,10.06333333,603.8,0,5,0,0,1,0,0,4,0,0,0,0,0,3,3,1,0,0,0,0,0,,-9,0,0
89,NBA,2022,regular,4,0,24.36333333,1461.8,0,4,0,0,2,0,0,2,0,0,0,0,3,5,8,2,0,3,0,1,4,0,-4,0,0
90,NBA,2022,regular,77,0,1719.235,103154.1,357,796,0.448,214,398,0.537688442,143,398,0,184,207,0.889,32,171,203,298,146,49,20,53,125,0,68,1041,147
90,NBA,2022,playoffs,7,,205.2716667,12316.3,38,93,0.409,25,54,0.462962963,13,39,0,44,49,0.898,6,32,38,25,14,5,3,8,15,,36,133,35
91,NBA,2022,regular,37,0,451.2616667,27075.7,55,122,0.451,31,48,0.645833333,24,74,0,21,23,0.913,23,39,62,31,16,8,5,6,61,0,-79,155,28
92,NBA,2022,playoffs,1,,0.97,58.2,0,0,0,0,0,,0,0,0,0,0,0,0,0,0,0,0,0,0,0,0,,-2,0,0
92,NBA,2022,regular,50,9,625.2766667,37516.6,56,145,0.386,45,105,0.428571429,11,40,0,49,63,0.778,17,36,53,53,21,7,5,16,50,0,-114,172,46
93,NBA,2022,regular,71,66,2120.906667,127254.4,282,602,0.468,125,195,0.641025641,157,407,0,78,98,0.796,49,180,229,150,69,47,26,20,177,0,186,799,81
93,NBA,2022,playoffs,9,,241.7733333,14506.4,14,46,0.304,5,9,0.555555556,9,37,0,9,11,0.818,3,22,25,13,10,9,5,2,17,,18,46,9
94,NBA,2022,playoffs,6,,224.265,13455.9,39,85,0.459,25,47,0.531914894,14,38,0,8,10,0.8,7,27,34,7,9,4,2,4,20,,-14,100,15
94,NBA,2022,regular,67,67,2125.63,127537.8,379,822,0.461,279,536,0.520522388,100,286,0,171,207,0.826,46,238,284,94,82,35,17,47,199,0,-18,1029,218
95,NBA,2022,regular,43,1,342.5483333,20552.9,28,84,0.333,11,38,0.289473684,17,46,0,16,24,0.667,10,49,59,23,20,15,4,6,39,0,-99,89,15
97,NBA,2022,regular,37,5,929.7683333,55786.1,77,169,0.456,38,57,0.666666667,39,112,0,27,38,0.711,30,105,135,52,27,12,30,5,85,0,-43,220,41
98,NBA,2022,playoffs,10,,37.075,2224.5,4,10,0.4,4,10,0.4,0,0,0,2,3,0.667,8,1,9,0,2,2,3,0,8,,-10,10,3
98,NBA,2022,regular,68,2,1023.75,61425,155,260,0.596,145,224,0.647321429,10,36,0,52,84,0.619,116,170,286,36,46,26,35,18,144,0,-32,372,91
100,NBA,2022,playoffs,5,,132.9833333,7979,19,33,0.576,10,14,0.714285714,9,19,0,6,9,0.667,7,9,16,11,9,4,1,2,17,,19,53,9
100,NBA,2022,regular,81,36,1872.176667,112330.6,272,524,0.519,195,326,0.598159509,77,198,0,92,118,0.78,77,199,276,184,80,42,22,33,149,0,2,713,110
101,NBA,2022,playoffs,11,,174.745,10484.7,30,70,0.429,17,27,0.62962963,13,43,0,4,5,0.8,10,29,39,7,8,8,3,1,12,,-3,77,3
101,NBA,2022,regular,67,5,1050.508333,63030.5,187,419,0.446,102,172,0.593023256,85,247,0,38,47,0.809,29,158,187,66,38,23,12,15,68,0,57,497,34
102,NBA,2022,playoffs,6,,131.1566667,7869.4,15,25,0.6,14,24,0.583333333,1,1,1,5,10,0.5,19,19,38,7,7,2,8,2,18,,-14,36,10
102,NBA,2022,regular,80,18,1848.555,110913.3,317,497,0.638,313,484,0.646694215,4,13,0,153,196,0.781,217,359,576,81,81,56,107,43,251,0,63,791,166
103,NBA,2022,playoffs,20,,652.665,39159.9,99,234,0.423,53,103,0.514563107,46,131,0,23,29,0.793,20,142,162,31,9,10,11,9,42,,150,267,25
103,NBA,2022,regular,62,62,1797.893333,107873.6,398,817,0.487,210,363,0.578512397,188,454,0,96,120,0.8,64,277,341,65,68,37,29,29,119,0,418,1080,85
105,NBA,2022,regular,68,68,2378.671667,142720.3,587,1195,0.491,453,873,0.518900344,134,322,0,325,392,0.829,40,201,241,421,142,61,15,51,152,0,152,1633,389
105,NBA,2022,playoffs,11,,442.8716667,26572.3,109,230,0.474,83,150,0.553333333,26,80,0,62,68,0.912,9,45,54,62,23,16,1,6,26,,37,306,56
106,NBA,2022,regular,70,2,963.43,57805.8,191,450,0.424,112,227,0.49339207,79,223,0,35,41,0.854,15,94,109,90,66,28,7,30,66,0,-54,496,36
107,NBA,2022,regular,60,4,1551.76,93105.6,277,610,0.454,202,404,0.5,75,206,0,152,170,0.894,47,241,288,235,91,37,31,22,158,0,-26,781,123
108,NBA,2022,regular,4,0,19.56666667,1174,3,9,0.333,2,6,0.333333333,1,3,0,0,0,0,0,3,3,5,1,0,0,0,2,0,3,7,0
109,NBA,2022,playoffs,8,,175.2216667,10513.3,23,66,0.348,14,29,0.482758621,9,37,0,17,20,0.85,2,11,13,8,9,4,0,0,11,,20,72,17
109,NBA,2022,regular,81,21,2344.105,140646.3,419,936,0.448,251,482,0.520746888,168,454,0,203,248,0.819,58,279,337,279,100,80,14,31,166,0,318,1209,175
110,NBA,2022,regular,6,6,188.7666667,11326,34,68,0.5,22,42,0.523809524,12,26,0,12,13,0.923,2,17,19,50,10,6,1,8,11,0,-74,92,11
111,NBA,2022,regular,53,5,727.7983333,43667.9,110,196,0.561,93,131,0.709923664,17,65,0,40,62,0.645,65,73,138,18,31,17,23,12,105,0,-97,277,61
111,NBA,2022,playoffs,5,,12.21333333,732.8,2,4,0.5,1,1,1,1,3,0,0,0,0,0,2,2,0,1,1,0,0,0,,-6,5,0
113,NBA,2022,regular,66,66,2390.471667,143428.3,719,1449,0.496,534,908,0.588105727,185,541,0,515,694,0.742,54,515,569,529,236,90,33,44,166,0,128,2138,481
114,NBA,2022,regular,65,20,1313.215,78792.9,257,613,0.419,199,410,0.485365854,58,203,0,126,168,0.75,41,169,210,246,126,41,29,45,108,0,-8,698,124
115,NBA,2022,regular,47,3,749.635,44978.1,102,237,0.43,61,121,0.504132231,41,116,0,57,76,0.75,18,69,87,54,42,27,9,14,51,0,-140,302,62
116,NBA,2022,regular,2,0,30.11666667,1807,5,7,0.714,3,5,0.6,2,2,1,1,2,0.5,0,6,6,1,3,2,0,2,2,0,-16,13,1
117,NBA,2022,regular,64,2,760.2466667,45614.8,77,215,0.358,37,81,0.456790123,40,134,0,28,42,0.667,13,37,50,72,25,37,8,11,60,0,53,222,39
117,NBA,2022,playoffs,8,,20.33,1219.8,1,4,0.25,0,1,0,1,3,0,0,0,0,0,2,2,1,0,0,1,0,1,,-9,3,2
121,NBA,2022,regular,40,1,322.9566667,19377.4,31,87,0.356,9,25,0.36,22,62,0,11,13,0.846,10,53,63,46,12,6,1,5,34,0,-50,95,14
123,NBA,2022,regular,80,79,2608.726667,156523.6,542,1118,0.485,412,758,0.54353562,130,360,0,271,322,0.842,70,259,329,283,167,77,17,84,183,0,50,1485,286
124,NBA,2022,regular,22,1,248.345,14900.7,51,122,0.418,39,93,0.419354839,12,29,0,29,38,0.763,7,23,30,20,12,9,0,11,21,0,-44,143,29
124,NBA,2022,playoffs,1,,0.97,58.2,0,0,0,0,0,,0,0,0,0,0,0,0,0,0,0,1,0,0,0,0,,-2,0,0
125,NBA,2022,regular,52,16,812.4033333,48744.2,83,107,0.776,83,106,0.783018868,0,1,0,12,16,0.75,99,143,242,25,27,15,28,6,96,0,-113,178,32
126,NBA,2022,playoffs,6,,55.5,3330,10,24,0.417,6,13,0.461538462,4,11,0,2,2,1,2,13,15,8,5,3,0,1,5,,-3,26,1
126,NBA,2022,regular,70,6,1041.601667,62496.1,158,322,0.491,128,218,0.587155963,30,104,0,49,78,0.628,51,231,282,83,41,38,34,24,113,0,-10,395,56
127,NBA,2022,regular,8,0,52.16166667,3129.7,3,13,0.231,0,2,0,3,11,0,1,2,0.5,0,2,2,9,3,6,0,1,3,0,11,10,2
129,NBA,2022,regular,60,21,1539.23,92353.8,205,382,0.537,137,213,0.643192488,68,169,0,68,94,0.723,55,127,182,103,72,42,5,23,156,0,77,546,120
130,NBA,2022,playoffs,16,,579.135,34748.1,90,194,0.464,51,106,0.481132075,39,88,0,51,57,0.895,20,51,71,73,25,10,3,13,39,,73,270,52
130,NBA,2022,regular,64,22,1843.226667,110593.6,259,490,0.529,173,274,0.631386861,86,216,0,229,265,0.864,33,160,193,215,99,33,19,19,108,0,214,833,236
131,NBA,2022,regular,53,19,1245.865,74751.9,186,444,0.419,120,242,0.495867769,66,202,0,86,119,0.723,55,106,161,155,94,67,27,29,120,0,-40,524,130
132,NBA,2022,regular,14,0,123.7683333,7426.1,18,41,0.439,13,23,0.565217391,5,18,0,0,2,0,2,20,22,27,10,2,0,0,7,0,-11,41,2
132,NBA,2022,playoffs,1,,0.97,58.2,0,0,0,0,0,,0,0,0,0,0,0,0,0,0,0,0,0,0,0,0,,-2,0,0
134,NBA,2022,playoffs,7,,250.2616667,15015.7,38,91,0.418,29,63,0.46031746,9,28,0,2,4,0.5,5,30,35,52,7,12,5,5,16,,39,87,8
134,NBA,2022,regular,59,59,1888.635,113318.1,294,668,0.44,196,407,0.481572482,98,261,0,133,160,0.831,27,224,251,524,114,91,22,6,126,0,84,819,139
135,NBA,2022,playoffs,5,,82.32,4939.2,15,44,0.341,10,24,0.416666667,5,20,0,8,10,0.8,1,3,4,4,4,4,1,5,9,,16,43,7
135,NBA,2022,regular,56,1,1085.488333,65129.3,228,571,0.399,111,256,0.43359375,117,315,0,86,102,0.843,20,115,135,172,82,39,15,36,96,0,-129,659,94
138,NBA,2022,regular,56,0,815.5683333,48934.1,109,288,0.378,76,157,0.484076433,33,131,0,42,49,0.857,33,130,163,57,37,19,18,2,68,0,57,293,36
139,NBA,2022,regular,50,50,1576.901667,94614.1,276,581,0.475,224,421,0.532066508,52,160,0,129,159,0.811,33,182,215,206,99,42,12,19,70,0,-108,733,143
140,NBA,2022,regular,7,1,72.11833333,4327.1,10,29,0.345,7,20,0.35,3,9,0,4,5,0.8,4,7,11,0,1,1,2,0,11,0,-25,27,10
140,NBA,2022,playoffs,2,,2.963333333,177.8,0,3,0,0,2,0,0,1,0,0,0,0,0,1,1,0,0,0,0,0,0,,-5,0,0
141,NBA,2022,regular,74,73,2681.61,160896.6,657,1303,0.504,611,1161,0.526270457,46,142,0,456,523,0.872,34,309,343,377,153,83,36,62,186,0,67,1816,396
142,NBA,2022,regular,42,7,354.54,21272.4,80,125,0.64,78,120,0.65,2,5,0,24,41,0.585,30,77,107,11,36,4,26,8,54,0,-57,186,39
143,NBA,2022,regular,63,63,1921.375,115282.5,228,479,0.476,83,154,0.538961039,145,325,0,15,21,0.714,73,317,390,189,37,30,61,8,121,0,309,616,34
143,NBA,2022,playoffs,20,,616.7466667,37004.8,51,132,0.386,23,38,0.605263158,28,94,0,3,4,0.75,30,113,143,59,11,22,34,3,47,,59,133,8
145,NBA,2022,regular,25,0,161.8233333,9709.4,18,45,0.4,7,19,0.368421053,11,26,0,3,4,0.75,5,12,17,13,4,9,2,2,15,0,-17,50,2
146,NBA,2022,regular,67,65,2028.055,121683.3,261,610,0.428,126,259,0.486486486,135,351,0,141,169,0.834,33,149,182,450,103,73,14,14,139,0,60,798,172
146,NBA,2022,playoffs,5,,182.7566667,10965.4,20,42,0.476,10,20,0.5,10,22,0,10,11,0.909,2,11,13,32,7,3,0,2,11,,-17,60,16
148,NBA,2022,regular,55,44,1717.725,103063.5,196,485,0.404,89,175,0.508571429,107,310,0,116,135,0.859,43,182,225,281,103,57,21,24,143,0,55,615,140
148,NBA,2022,playoffs,23,,599.4116667,35964.7,74,174,0.425,41,86,0.476744186,33,88,0,31,33,0.939,12,69,81,101,40,24,14,7,59,,17,212,30
150,NBA,2022,playoffs,8,,78.36166667,4701.7,9,16,0.563,9,16,0.5625,0,0,0,9,18,0.5,10,17,27,6,6,0,10,0,18,,-21,27,10
150,NBA,2022,regular,61,14,874.085,52445.1,119,206,0.578,119,206,0.577669903,0,0,0,25,70,0.357,89,171,260,56,51,18,88,11,114,0,48,263,82
153,NBA,2022,regular,79,78,1968.243333,118094.6,446,816,0.547,408,707,0.57708628,38,109,0,185,224,0.826,225,579,804,140,159,20,52,47,245,0,-10,1115,248
155,NBA,2022,playoffs,5,,90.745,5444.7,14,16,0.875,14,16,0.875,0,0,0,13,14,0.929,16,18,34,9,3,2,2,1,15,,13,41,11
155,NBA,2022,regular,79,60,2052.945,123176.7,329,484,0.68,329,484,0.679752066,0,0,0,199,313,0.636,229,471,700,245,117,46,47,38,217,0,-269,857,254
156,NBA,2022,regular,75,75,1920.055,115203.3,96,225,0.427,41,85,0.482352941,55,140,0,19,23,0.826,95,200,295,60,44,39,15,9,180,0,135,266,58
156,NBA,2022,playoffs,11,,293.6666667,17620,19,51,0.373,5,11,0.454545455,14,40,0,2,3,0.667,18,32,50,16,5,13,3,1,28,,-10,54,13
157,NBA,2022,regular,82,81,2746.355,164781.3,597,1148,0.52,476,801,0.594257179,121,347,0,132,158,0.835,159,744,903,265,139,60,57,44,179,0,-20,1447,174
158,NBA,2022,playoffs,4,,40.93166667,2455.9,3,13,0.231,3,7,0.428571429,0,6,0,1,2,0.5,1,3,4,3,1,2,0,0,5,,-18,7,1
158,NBA,2022,regular,18,3,339.7083333,20382.5,45,94,0.479,21,39,0.538461538,24,55,0,10,12,0.833,17,52,69,27,7,12,6,2,27,0,0,124,9
159,NBA,2022,regular,61,61,1956.76,117405.6,250,602,0.415,135,260,0.519230769,115,342,0,88,118,0.746,46,145,191,382,143,93,23,18,172,0,240,703,177
159,NBA,2022,playoffs,20,,679.0783333,40744.7,101,223,0.453,57,101,0.564356436,44,122,0,52,65,0.8,21,59,80,101,45,25,5,10,37,,49,298,72
161,NBA,2022,regular,75,74,2649.168333,158950.1,587,1344,0.437,376,801,0.469413233,211,543,0,183,238,0.769,55,273,328,429,183,70,38,60,153,0,59,1568,179
162,NBA,2022,regular,59,59,1892.866667,113572,430,882,0.488,285,529,0.538752363,145,353,0,268,303,0.884,36,187,223,152,135,34,8,79,113,0,-330,1273,211
163,NBA,2022,regular,57,7,681.075,40864.5,125,209,0.598,125,203,0.615763547,0,6,0,70,101,0.693,67,92,159,33,35,17,25,19,75,0,19,320,95
163,NBA,2022,playoffs,2,,6.95,417,0,3,0,0,3,0,0,0,0,0,0,0,0,1,1,0,0,0,0,0,0,,-3,0,0
164,NBA,2022,regular,35,2,355.07,21304.2,47,115,0.409,19,44,0.431818182,28,71,0,10,10,1,13,58,71,31,18,9,5,0,48,0,10,132,9
165,NBA,2022,regular,77,76,2767.95,166077,673,1388,0.485,469,844,0.555687204,204,544,0,363,428,0.848,42,303,345,327,194,69,18,78,159,0,18,1913,289
167,NBA,2022,regular,67,67,2404.918333,144295.1,679,1383,0.491,516,896,0.575892857,163,487,0,263,344,0.765,78,381,459,232,197,75,26,77,172,0,256,1784,272
167,NBA,2022,playoffs,20,,751.1683333,45070.1,181,365,0.496,141,252,0.55952381,40,113,0,51,74,0.689,25,87,112,68,66,21,8,30,61,,42,453,63
170,NBA,2022,playoffs,5,,176.76,10605.6,29,46,0.63,29,46,0.630434783,0,0,0,17,27,0.63,18,43,61,10,8,2,5,3,24,,-18,75,21
170,NBA,2022,regular,70,69,2148.483333,128909,360,546,0.659,360,543,0.662983425,0,3,0,219,340,0.644,231,583,814,87,122,56,95,40,210,0,-7,939,319
171,NBA,2022,regular,48,40,1547.511667,92850.7,353,819,0.431,245,480,0.510416667,108,339,0,158,208,0.76,65,184,249,54,64,68,18,55,141,0,-278,972,189
172,NBA,2022,regular,64,64,2138.015,128280.9,479,888,0.539,443,785,0.56433121,36,103,0,472,555,0.85,141,234,375,340,101,117,21,53,80,0,47,1466,365
172,NBA,2022,playoffs,22,,874.02,52441.2,207,442,0.468,179,364,0.491758242,28,78,0,150,186,0.806,47,95,142,129,41,40,14,35,37,,-11,592,127
173,NBA,2022,regular,64,0,893.4083333,53604.5,115,230,0.5,88,150,0.586666667,27,80,0,62,84,0.738,60,93,153,34,25,29,37,19,86,0,122,319,66
174,NBA,2022,regular,57,12,805.9533333,48357.2,127,277,0.458,82,162,0.50617284,45,115,0,63,76,0.829,53,154,207,74,55,20,7,18,99,0,37,362,75
175,NBA,2022,playoffs,20,,799.0433333,47942.6,185,404,0.458,132,240,0.55,53,164,0,120,137,0.876,26,184,210,105,56,21,21,23,44,,79,543,99
175,NBA,2022,regular,74,74,2732.196667,163931.8,727,1559,0.466,487,873,0.557846506,240,686,0,531,622,0.854,78,571,649,342,213,78,51,58,160,0,470,2225,401
177,NBA,2022,regular,38,2,457.6616667,27459.7,89,169,0.527,86,158,0.544303797,3,11,0,81,104,0.779,58,122,180,33,39,17,13,18,64,0,19,262,83
178,NBA,2022,regular,61,61,1988.303333,119298.2,458,1031,0.444,303,572,0.52972028,155,459,0,200,245,0.816,72,174,246,270,186,33,13,52,120,0,35,1271,188
179,NBA,2022,regular,63,63,2220.926667,133255.6,493,1188,0.415,328,683,0.480234261,165,505,0,178,220,0.809,51,208,259,319,134,74,16,64,119,0,-288,1329,191
180,NBA,2022,playoffs,1,,5,300,0,1,0,0,0,,0,1,0,0,0,0,0,1,1,0,1,0,0,0,1,,-4,0,0
180,NBA,2022,regular,38,1,426.21,25572.6,77,151,0.51,65,112,0.580357143,12,39,0,33,49,0.673,34,100,134,26,25,9,19,16,75,0,-124,199,48
181,NBA,2022,regular,67,35,1575.376667,94522.6,130,286,0.455,75,135,0.555555556,55,151,0,59,73,0.808,42,154,196,193,77,98,46,15,159,0,199,374,106
182,NBA,2022,regular,36,0,234.8633333,14091.8,31,63,0.492,18,30,0.6,13,33,0,14,16,0.875,7,45,52,32,9,6,4,3,22,0,-4,89,11
183,NBA,2022,playoffs,20,,593.12,35587.2,93,184,0.505,43,74,0.581081081,50,110,0,31,34,0.912,13,46,59,42,18,12,20,9,38,,3,267,38
183,NBA,2022,regular,82,70,2319.328333,139159.7,350,758,0.462,201,367,0.547683924,149,391,0,168,192,0.875,52,241,293,321,95,54,76,34,177,0,488,1017,204
185,NBA,2022,regular,65,1,1380.826667,82849.6,186,305,0.61,172,263,0.653992395,14,42,0,55,79,0.696,106,248,354,119,42,56,37,14,133,0,185,441,88
186,NBA,2022,regular,76,52,2409.235,144554.1,229,593,0.386,66,174,0.379310345,163,419,0,50,69,0.725,55,329,384,283,114,65,49,28,239,0,78,671,89
186,NBA,2022,playoffs,4,,118.0283333,7081.7,7,29,0.241,3,7,0.428571429,4,22,0,2,2,1,4,13,17,14,4,5,1,1,11,,-40,20,5
188,NBA,2022,playoffs,2,,45.405,2724.3,10,19,0.526,8,14,0.571428571,2,5,0,1,3,0.333,1,6,7,2,2,2,1,0,5,,0,23,3
188,NBA,2022,regular,42,2,1105.64,66338.4,160,403,0.397,90,191,0.471204188,70,212,0,59,79,0.747,16,112,128,146,87,57,12,16,99,0,-35,449,68
190,NBA,2022,playoffs,11,,458.6516667,27519.1,141,241,0.585,110,180,0.611111111,31,61,0,58,67,0.866,12,41,53,79,32,19,9,13,37,,-37,371,61
190,NBA,2022,regular,53,53,1835.413333,110124.8,527,1067,0.494,416,751,0.553928096,111,316,0,306,358,0.855,46,194,240,293,145,51,18,43,159,0,247,1471,286
191,NBA,2022,regular,69,0,804.0883333,48245.3,113,170,0.665,110,157,0.700636943,3,13,0,32,39,0.821,86,111,197,53,25,11,46,8,81,0,61,261,38
191,NBA,2022,playoffs,8,,32.24666667,1934.8,7,8,0.875,6,7,0.857142857,1,1,1,2,2,1,5,5,10,0,0,0,1,0,2,,3,17,2
193,NBA,2022,regular,45,44,1538.076667,92284.6,404,835,0.484,340,671,0.506706408,64,164,0,240,272,0.882,23,223,246,262,148,32,19,37,116,0,96,1112,222
194,NBA,2022,regular,42,10,613.495,36809.7,48,114,0.421,31,47,0.659574468,17,67,0,9,16,0.563,27,96,123,25,15,16,6,5,43,0,13,122,18
195,NBA,2022,regular,7,0,133.7116667,8022.7,14,36,0.389,11,22,0.5,3,14,0,4,7,0.571,8,16,24,11,2,4,1,4,13,0,-26,35,6
196,NBA,2022,regular,75,75,2597.993333,155879.6,602,1114,0.54,601,1102,0.545372051,1,12,0,324,402,0.806,184,504,688,240,187,88,61,49,208,0,117,1529,360
196,NBA,2022,playoffs,23,,849.5833333,50975,167,347,0.481,167,344,0.485465116,0,3,0,78,95,0.821,63,164,227,85,62,19,15,22,71,,42,412,111
197,NBA,2022,regular,12,0,33.365,2001.9,6,12,0.5,3,7,0.428571429,3,5,0,4,4,1,1,10,11,1,1,1,1,0,2,0,11,19,2
198,NBA,2022,playoffs,7,,152.2733333,9136.4,23,48,0.479,12,21,0.571428571,11,27,0,0,3,0,0,14,14,20,9,3,2,1,15,,-31,57,5
198,NBA,2022,regular,48,15,968.3116667,58098.7,188,453,0.415,120,268,0.447761194,68,185,0,49,64,0.766,12,94,106,214,81,33,8,21,88,0,77,493,63
199,NBA,2022,regular,7,1,108.8366667,6530.2,21,44,0.477,19,33,0.575757576,2,11,0,5,12,0.417,7,15,22,9,3,2,6,3,7,0,-19,49,10
201,NBA,2022,regular,73,8,1338.445,80306.7,161,431,0.374,42,93,0.451612903,119,338,0,98,131,0.748,19,103,122,196,53,45,16,12,79,0,-159,539,109
202,NBA,2022,playoffs,7,,42.01833333,2521.1,9,21,0.429,8,11,0.727272727,1,10,0,1,1,1,0,12,12,1,1,0,0,2,4,,-25,20,1
202,NBA,2022,regular,56,5,807.025,48421.5,93,197,0.472,56,87,0.643678161,37,110,0,45,60,0.75,9,85,94,44,26,14,9,4,69,0,-16,268,48
203,NBA,2022,regular,73,73,2379.563333,142773.8,434,978,0.444,285,550,0.518181818,149,428,0,127,174,0.73,73,285,358,175,110,66,79,62,193,0,-375,1144,151
205,NBA,2022,playoffs,12,,124.4716667,7468.3,10,28,0.357,8,13,0.615384615,2,15,0,0,0,0,4,20,24,11,0,2,1,0,4,,-17,22,1
205,NBA,2022,regular,76,45,1859.79,111587.4,200,465,0.43,93,184,0.505434783,107,281,0,34,39,0.872,62,246,308,95,49,59,16,30,120,0,-15,541,44
206,NBA,2022,playoffs,11,,183.1683333,10990.1,26,45,0.578,15,20,0.75,11,25,0,8,9,0.889,7,18,25,6,3,5,2,0,23,,1,71,5
206,NBA,2022,regular,79,60,1947.841667,116870.5,228,500,0.456,128,247,0.518218623,100,253,0,32,45,0.711,145,281,426,117,73,50,62,23,179,0,-177,588,55
207,NBA,2022,regular,35,20,823.55,49413,127,170,0.747,127,169,0.75147929,0,1,0,25,41,0.61,104,188,292,50,34,22,48,12,68,0,173,279,43
207,NBA,2022,playoffs,20,,417.0483333,25022.9,67,85,0.788,67,84,0.797619048,0,1,0,19,28,0.679,36,83,119,19,16,9,25,5,44,,25,153,23
208,NBA,2022,playoffs,8,,27.77333333,1666.4,4,7,0.571,3,6,0.5,1,1,1,1,2,0.5,0,3,3,9,0,2,0,1,3,,2,10,1
208,NBA,2022,regular,5,0,119.9166667,7195,15,36,0.417,12,26,0.461538462,3,10,0,11,15,0.733,1,21,22,30,6,11,2,2,12,0,-1,44,12
210,NBA,2022,regular,68,68,2432.38,145942.8,679,1402,0.484,434,767,0.565840939,245,635,0,319,368,0.867,63,226,289,301,180,99,27,56,168,0,338,1922,279
210,NBA,2022,playoffs,5,,206.57,12394.2,45,104,0.433,32,59,0.542372881,13,45,0,13,18,0.722,3,22,25,36,19,10,3,8,14,,-9,116,14
212,NBA,2022,playoffs,23,,694.2933333,41657.6,109,206,0.529,65,102,0.637254902,44,104,0,29,35,0.829,27,98,125,36,24,20,9,13,55,,96,291,32
212,NBA,2022,regular,71,49,2077.738333,124664.3,254,548,0.464,170,312,0.544871795,84,236,0,91,113,0.805,88,256,344,117,79,71,31,26,145,0,-9,683,123
214,NBA,2022,regular,83,83,2963.176667,177790.6,593,1267,0.468,424,825,0.513939394,169,442,0,316,353,0.895,79,285,364,273,127,91,61,54,159,0,36,1671,280
214,NBA,2022,playoffs,4,,157.4066667,9444.4,33,77,0.429,23,52,0.442307692,10,25,0,18,23,0.783,2,19,21,16,8,2,2,5,5,,-45,94,16
215,NBA,2022,regular,79,23,2044.761667,122685.7,216,476,0.454,101,185,0.545945946,115,291,0,94,122,0.77,87,276,363,131,82,41,31,22,192,0,206,641,127
215,NBA,2022,playoffs,15,,264.8616667,15891.7,25,53,0.472,7,13,0.538461538,18,40,0,8,10,0.8,11,22,33,18,4,5,6,1,25,,-26,76,12
218,NBA,2022,regular,36,4,358.535,21512.1,59,72,0.819,59,72,0.819444444,0,0,0,7,20,0.35,31,88,119,11,18,6,15,3,34,0,-83,125,19
219,NBA,2022,regular,80,24,1912.853333,114771.2,281,617,0.455,204,385,0.52987013,77,232,0,116,138,0.841,63,283,346,130,93,83,34,39,209,0,-149,755,126
219,NBA,2022,playoffs,8,,101.5083333,6090.5,8,20,0.4,5,11,0.454545455,3,9,0,0,0,0,3,13,16,5,3,1,0,0,8,,14,19,1
220,NBA,2022,regular,42,1,690.46,41427.6,88,237,0.371,25,45,0.555555556,63,192,0,29,32,0.906,8,61,69,46,28,14,0,5,77,0,-56,268,33
220,NBA,2022,playoffs,23,,418.5816667,25114.9,75,158,0.475,25,45,0.555555556,50,113,0,7,8,0.875,1,33,34,39,20,8,3,3,36,,61,207,17
221,NBA,2022,regular,74,2,1730.228333,103813.7,263,594,0.443,135,250,0.54,128,344,0,61,70,0.871,16,196,212,204,74,54,6,24,122,0,143,715,94
222,NBA,2022,regular,63,6,845.2566667,50715.4,92,220,0.418,56,132,0.424242424,36,88,0,27,32,0.844,25,49,74,89,36,37,12,16,79,0,17,247,50
222,NBA,2022,playoffs,1,,3.883333333,233,0,0,0,0,0,,0,0,0,0,0,0,0,0,0,1,1,0,0,0,0,,-3,0,0
223,NBA,2022,regular,73,60,1816.403333,108984.2,252,590,0.427,137,276,0.496376812,115,314,0,119,142,0.838,62,215,277,98,75,55,34,46,235,0,-211,738,141
225,NBA,2022,regular,29,28,956.0983333,57365.9,285,469,0.608,278,450,0.617777778,7,19,0,177,248,0.714,58,144,202,133,99,32,16,44,65,0,149,754,187
226,NBA,2022,playoffs,5,,147.8066667,8868.4,15,35,0.429,5,10,0.5,10,25,0,2,3,0.667,1,9,10,7,4,3,1,0,9,,3,42,8
226,NBA,2022,regular,59,3,883.885,53033.1,131,295,0.444,70,136,0.514705882,61,159,0,40,60,0.667,15,86,101,108,55,32,21,13,88,0,-51,363,69
227,NBA,2022,regular,36,36,1267.755,76065.3,296,721,0.411,152,338,0.449704142,144,383,0,102,121,0.843,42,189,231,304,129,46,11,27,118,0,-150,838,110
228,NBA,2022,regular,68,34,1758.676667,105520.6,228,567,0.402,111,217,0.511520737,117,350,0,68,78,0.872,27,118,145,167,92,62,5,19,154,0,-28,641,96
228,NBA,2022,playoffs,22,,671.9466667,40316.8,99,246,0.402,48,111,0.432432432,51,135,0,30,34,0.882,8,23,31,78,31,19,4,10,66,,27,279,44
230,NBA,2022,regular,40,9,806.91,48414.6,113,300,0.377,38,101,0.376237624,75,199,0,45,51,0.882,11,56,67,93,36,26,5,15,61,0,38,346,48
230,NBA,2022,playoffs,10,,184.005,11040.3,17,45,0.378,6,16,0.375,11,29,0,3,4,0.75,3,14,17,11,4,2,1,2,15,,-26,48,8
231,NBA,2022,regular,48,3,642.7766667,38566.6,101,245,0.412,45,91,0.494505495,56,154,0,12,16,0.75,25,63,88,64,40,14,1,9,37,0,12,270,13
231,NBA,2022,playoffs,10,,56.73166667,3403.9,12,22,0.545,8,12,0.666666667,4,10,0,4,5,0.8,0,6,6,11,5,1,0,0,3,,8,32,3
232,NBA,2022,regular,54,15,1389.843333,83390.6,186,452,0.412,162,341,0.475073314,24,111,0,78,106,0.736,27,140,167,261,82,75,25,37,122,0,-70,474,81
233,NBA,2022,regular,47,2,610.0566667,36603.4,86,156,0.551,83,127,0.653543307,3,29,0,58,83,0.699,39,93,132,34,31,20,19,8,67,0,-70,233,59
235,NBA,2022,regular,65,9,1217.675,73060.5,197,313,0.629,196,312,0.628205128,1,1,1,137,183,0.749,147,269,416,38,59,11,71,38,154,0,-113,532,159
236,NBA,2022,regular,54,11,969.4,58164,93,216,0.431,56,107,0.523364486,37,109,0,13,28,0.464,57,131,188,43,45,36,17,10,82,0,-103,236,30
236,NBA,2022,playoffs,18,,161.03,9661.8,24,39,0.615,16,23,0.695652174,8,16,0,4,5,0.8,10,14,24,5,2,10,2,2,20,,-14,60,2
237,NBA,2022,regular,32,1,480.2566667,28815.4,61,108,0.565,48,73,0.657534247,13,35,0,30,45,0.667,27,61,88,23,20,24,21,8,52,0,48,165,38
238,NBA,2022,playoffs,10,,319.4416667,19166.5,61,111,0.55,61,111,0.54954955,0,0,0,12,23,0.522,29,68,97,10,17,6,7,8,35,,-20,134,21
238,NBA,2022,regular,67,67,2035.336667,122120.2,522,887,0.589,515,863,0.596755504,7,24,0,152,200,0.76,172,495,667,115,120,37,53,39,190,0,-7,1203,166
240,NBA,2022,regular,23,0,107.4233333,6445.4,7,27,0.259,2,7,0.285714286,5,20,0,1,2,0.5,2,15,17,9,2,4,4,1,7,0,-71,20,2
241,NBA,2022,regular,25,0,234.7666667,14086,40,88,0.455,25,54,0.462962963,15,34,0,19,22,0.864,5,28,33,23,10,10,2,10,24,0,62,114,15
242,NBA,2022,regular,6,1,76.52833333,4591.7,15,32,0.469,8,18,0.444444444,7,14,0,0,0,0,1,3,4,8,5,5,0,4,5,0,-1,37,3
243,NBA,2022,regular,46,0,549.6266667,32977.6,67,120,0.558,63,101,0.623762376,4,19,0,19,26,0.731,37,86,123,15,31,17,30,8,65,0,-32,157,24
244,NBA,2022,regular,80,33,2271.978333,136318.7,324,790,0.41,127,227,0.559471366,197,563,0,78,89,0.876,49,209,258,171,69,42,12,23,166,0,-145,923,91
244,NBA,2022,playoffs,23,,646.965,38817.9,76,189,0.402,33,54,0.611111111,43,135,0,20,25,0.8,14,69,83,33,6,8,7,10,47,,-24,215,27
245,NBA,2022,regular,82,65,2322.841667,139370.5,314,677,0.464,199,400,0.4975,115,277,0,90,105,0.857,78,249,327,100,101,72,70,38,147,0,-142,833,101
246,NBA,2022,regular,42,41,1199.815,71988.9,223,474,0.47,120,219,0.547945205,103,255,0,101,120,0.842,34,151,185,78,37,50,14,26,83,0,155,650,91
246,NBA,2022,playoffs,4,,151.815,9108.9,28,55,0.509,16,27,0.592592593,12,28,0,6,7,0.857,3,20,23,11,5,3,1,5,10,,-35,74,15
249,NBA,2022,regular,77,21,1792.036667,107522.2,247,571,0.433,181,353,0.512747875,66,218,0,138,175,0.789,48,231,279,189,97,54,14,39,113,0,6,698,129
250,NBA,2022,regular,23,3,276.975,16618.5,25,60,0.417,25,58,0.431034483,0,2,0,2,3,0.667,5,32,37,38,15,7,2,7,17,0,-58,52,8
251,NBA,2022,regular,34,0,515.4666667,30928,69,193,0.358,36,84,0.428571429,33,109,0,20,30,0.667,8,64,72,41,32,14,5,13,49,0,-97,191,28
252,NBA,2022,playoffs,1,,19.46666667,1168,5,9,0.556,3,5,0.6,2,4,0,0,0,0,0,2,2,2,1,0,1,0,1,,13,12,0
252,NBA,2022,regular,67,67,2335.391667,140123.5,487,1109,0.439,284,572,0.496503497,203,537,0,170,182,0.934,27,333,360,280,158,51,16,52,101,0,170,1347,128
253,NBA,2022,regular,80,51,2097.616667,125857,281,570,0.493,222,381,0.582677165,59,189,0,66,82,0.805,45,175,220,206,99,62,26,49,182,0,-77,687,67
254,NBA,2022,playoffs,6,,20.98166667,1258.9,1,4,0.25,0,0,,1,4,0,0,0,0,0,1,1,0,0,0,1,0,2,,-7,3,0
254,NBA,2022,regular,60,2,915.1266667,54907.6,84,227,0.37,27,54,0.5,57,173,0,26,31,0.839,45,94,139,53,22,38,22,8,117,0,92,251,32
255,NBA,2022,regular,34,0,310.1816667,18610.9,40,108,0.37,8,24,0.333333333,32,84,0,10,12,0.833,4,22,26,16,7,5,1,4,27,0,21,122,10
257,NBA,2022,regular,66,65,1950.53,117031.8,235,501,0.469,179,334,0.535928144,56,167,0,123,161,0.764,97,172,269,162,88,103,42,34,208,0,150,649,142
258,NBA,2022,regular,4,0,48.22666667,2893.6,5,10,0.5,2,4,0.5,3,6,0,4,4,1,0,5,5,5,3,0,1,1,7,0,-28,17,3
259,NBA,2022,regular,69,8,968.775,58126.5,95,238,0.399,56,115,0.486956522,39,123,0,33,47,0.702,36,116,152,36,44,22,23,13,66,0,-163,262,37
260,NBA,2022,regular,9,0,83.23166667,4993.9,16,27,0.593,13,20,0.65,3,7,0,5,6,0.833,8,15,23,2,4,2,2,1,16,0,10,40,9
260,NBA,2022,playoffs,8,,15.68,940.8,2,7,0.286,2,5,0.4,0,2,0,0,0,0,3,2,5,1,1,0,1,0,2,,-3,4,0
261,NBA,2022,regular,7,0,19.59666667,1175.8,2,7,0.286,1,3,0.333333333,1,4,0,1,2,0.5,1,1,2,0,0,0,0,0,5,0,15,6,1
263,NBA,2022,playoffs,15,,104.1866667,6251.2,10,29,0.345,2,5,0.4,8,24,0,2,2,1,5,12,17,4,0,1,2,1,8,,25,30,1
263,NBA,2022,regular,80,8,1289.898333,77393.9,180,396,0.455,40,61,0.655737705,140,335,0,12,17,0.706,35,169,204,71,30,29,21,6,99,0,219,512,20
265,NBA,2022,regular,79,65,2448.005,146880.3,387,800,0.484,185,303,0.610561056,202,497,0,172,190,0.905,59,222,281,112,61,89,43,23,155,0,38,1148,129
266,NBA,2022,playoffs,4,,11.75,705,1,2,0.5,1,2,0.5,0,0,0,0,0,0,0,1,1,1,0,0,0,0,2,,-6,2,0
266,NBA,2022,regular,43,0,397.9083333,23874.5,52,131,0.397,50,119,0.420168067,2,12,0,2,4,0.5,5,49,54,100,44,8,7,6,33,0,-36,108,11
269,NBA,2022,regular,5,0,9.15,549,2,4,0.5,1,1,1,1,3,0,0,0,0,0,3,3,0,0,0,0,0,1,0,9,5,0
271,NBA,2022,playoffs,7,,196.5333333,11792,25,60,0.417,19,35,0.542857143,6,25,0,19,26,0.731,10,14,24,5,3,8,2,0,5,,-62,75,19
271,NBA,2022,regular,82,82,2662.038333,159722.3,374,791,0.473,242,438,0.552511416,132,353,0,350,413,0.847,87,279,366,128,86,57,10,31,103,0,255,1230,290
272,NBA,2022,playoffs,3,,6.126666667,367.6,3,6,0.5,1,2,0.5,2,4,0,0,0,0,1,1,2,0,0,0,0,0,0,,8,8,1
272,NBA,2022,regular,16,0,79.34666667,4760.8,10,33,0.303,8,17,0.470588235,2,16,0,0,0,0,1,13,14,10,5,6,1,1,7,0,-23,22,6
273,NBA,2022,regular,61,10,1309.981667,78598.9,201,489,0.411,118,242,0.487603306,83,247,0,65,80,0.813,28,113,141,186,81,67,10,30,125,0,103,550,76
274,NBA,2022,regular,50,50,1672.933333,100376,444,878,0.506,364,659,0.552352049,80,219,0,192,228,0.842,41,155,196,271,145,45,33,33,107,0,42,1160,169
275,NBA,2022,regular,64,0,1314.201667,78852.1,239,523,0.457,116,225,0.515555556,123,298,0,53,70,0.757,23,115,138,91,58,13,6,23,118,0,-237,654,53
276,NBA,2022,regular,42,42,1133.291667,67997.5,157,263,0.597,157,262,0.599236641,0,1,0,47,129,0.364,214,271,485,97,79,36,46,14,98,0,243,361,131
278,NBA,2022,playoffs,20,,358.8266667,21529.6,45,119,0.378,12,31,0.387096774,33,88,0,14,16,0.875,14,97,111,24,10,9,7,1,35,,-26,137,21
278,NBA,2022,regular,62,20,1239.478333,74368.7,165,424,0.389,66,128,0.515625,99,296,0,80,91,0.879,59,340,399,116,70,16,12,8,97,0,109,509,113
281,NBA,2022,regular,33,2,565.9933333,33959.6,61,178,0.343,40,96,0.416666667,21,82,0,28,35,0.8,9,61,70,115,31,26,6,12,51,0,45,171,47
281,NBA,2022,playoffs,3,,17.01666667,1021,0,1,0,0,1,0,0,0,0,0,0,0,2,4,6,3,5,1,0,0,5,,-7,0,0
283,NBA,2022,regular,65,10,1529.601667,91776.1,239,554,0.431,132,261,0.505747126,107,293,0,69,81,0.852,41,134,175,174,86,69,20,9,117,0,-161,654,100
284,NBA,2022,playoffs,4,,103.52,6211.2,15,30,0.5,13,24,0.541666667,2,6,0,2,2,1,3,13,16,18,6,7,2,2,13,,-26,34,2
284,NBA,2022,regular,69,45,1956.573333,117394.4,252,495,0.509,209,390,0.535897436,43,105,0,100,136,0.735,66,302,368,335,103,78,63,19,146,0,91,647,129
285,NBA,2022,playoffs,11,,465.67,27940.2,107,224,0.478,90,173,0.520231214,17,51,0,88,96,0.917,7,89,96,61,39,9,15,10,29,,-5,319,82
285,NBA,2022,regular,47,46,1671.756667,100305.4,483,862,0.56,390,632,0.617088608,93,230,0,307,334,0.919,17,296,313,235,156,34,67,25,99,0,258,1366,272
290,NBA,2022,playoffs,20,,670.6683333,40240.1,74,162,0.457,39,70,0.557142857,35,92,0,29,35,0.829,14,51,65,31,15,26,13,5,48,,82,212,39
290,NBA,2022,regular,76,76,2381.206667,142872.4,292,632,0.462,157,313,0.501597444,135,319,0,103,125,0.824,35,173,208,183,86,112,35,9,145,0,493,822,145
291,NBA,2022,playoffs,5,,190.4,11424,46,103,0.447,32,66,0.484848485,14,37,0,9,9,1,9,27,36,34,10,10,1,7,7,,-34,115,8
291,NBA,2022,regular,74,74,2693.395,161603.7,612,1319,0.464,479,932,0.513948498,133,387,0,158,190,0.832,53,336,389,448,160,112,19,57,106,0,-62,1515,156
292,NBA,2022,regular,80,22,1939.423333,116365.4,311,710,0.438,190,384,0.494791667,121,326,0,79,98,0.806,28,172,200,417,74,83,6,14,32,0,95,822,76
292,NBA,2022,playoffs,6,,120.2716667,7216.3,11,36,0.306,8,17,0.470588235,3,19,0,2,3,0.667,3,15,18,22,8,8,0,0,5,,-19,27,6
293,NBA,2022,regular,58,0,870.015,52200.9,141,335,0.421,89,190,0.468421053,52,145,0,31,45,0.689,16,65,81,151,63,13,4,15,65,0,5,365,43
293,NBA,2022,playoffs,2,,7.266666667,436,0,2,0,0,1,0,0,1,0,4,4,1,0,0,0,1,0,0,0,0,0,,-5,4,2
294,NBA,2022,playoffs,5,,93.155,5589.3,9,25,0.36,3,5,0.6,6,20,0,6,9,0.667,1,14,15,5,5,2,1,1,12,,-26,30,6
294,NBA,2022,regular,77,2,1548.313333,92898.8,239,530,0.451,123,218,0.564220183,116,312,0,75,108,0.694,25,151,176,115,52,35,11,22,122,0,228,669,112
295,NBA,2022,regular,46,2,706.1133333,42366.8,77,204,0.377,31,61,0.508196721,46,143,0,5,8,0.625,5,50,55,41,22,19,19,9,68,0,-129,205,17
297,NBA,2022,playoffs,6,,80.61833333,4837.1,6,19,0.316,5,12,0.416666667,1,7,0,3,4,0.75,2,5,7,3,1,1,3,1,5,,9,16,3
297,NBA,2022,regular,42,0,686.7083333,41202.5,132,270,0.489,110,203,0.541871921,22,67,0,28,35,0.8,26,95,121,40,20,22,12,7,65,0,55,314,31
298,NBA,2022,playoffs,2,,6.9,414,0,1,0,0,0,,0,1,0,1,2,0.5,0,0,0,1,2,0,0,0,2,,-4,1,1
298,NBA,2022,regular,48,1,505.2316667,30313.9,57,110,0.518,45,68,0.661764706,12,42,0,31,34,0.912,10,36,46,79,24,17,4,5,49,0,11,157,47
299,NBA,2022,regular,72,71,1906.125,114367.5,389,618,0.629,389,617,0.630470016,0,1,0,119,201,0.592,236,417,653,197,125,66,86,34,195,0,-146,897,192
300,NBA,2022,regular,73,73,2214.263333,132855.8,392,991,0.396,249,552,0.451086957,143,439,0,120,154,0.779,45,199,244,189,104,65,16,38,240,0,205,1047,132
300,NBA,2022,playoffs,6,,167.195,10031.7,24,77,0.312,14,35,0.4,10,42,0,5,7,0.714,3,15,18,11,7,1,0,7,20,,-44,63,5
301,NBA,2022,regular,41,16,568.885,34133.1,63,130,0.485,40,64,0.625,23,66,0,21,32,0.656,47,108,155,61,22,14,9,5,75,0,105,170,48
301,NBA,2022,playoffs,1,,5.883333333,353,0,1,0,0,1,0,0,0,0,0,0,0,1,1,2,0,0,0,0,0,2,,0,0,0
302,NBA,2022,playoffs,5,,169.6233333,10177.4,27,63,0.429,14,27,0.518518519,13,36,0,8,13,0.615,4,19,23,13,5,2,1,1,10,,-31,75,15
302,NBA,2022,regular,74,30,2237.34,134240.4,320,742,0.431,193,418,0.461722488,127,324,0,130,180,0.722,53,229,282,287,116,72,24,33,170,0,194,897,165
303,NBA,2022,playoffs,7,,54.30833333,3258.5,7,9,0.778,7,9,0.777777778,0,0,0,5,6,0.833,7,13,20,1,7,0,3,1,15,,24,19,6
303,NBA,2022,regular,26,2,161.2466667,9674.8,16,30,0.533,16,28,0.571428571,0,2,0,11,16,0.688,24,36,60,12,16,4,11,1,28,0,19,43,10
305,NBA,2022,regular,75,6,1526.413333,91584.8,283,521,0.543,257,462,0.556277056,26,59,0,58,68,0.853,45,189,234,397,143,81,10,17,105,0,-62,650,101
306,NBA,2022,regular,65,65,2119.511667,127170.7,507,1018,0.498,370,662,0.558912387,137,356,0,354,416,0.851,114,432,546,174,137,58,100,57,196,0,80,1505,394
307,NBA,2022,regular,63,26,1440.596667,86435.8,284,548,0.518,229,401,0.571072319,55,147,0,108,142,0.761,116,286,402,180,129,37,49,35,199,0,-239,731,147
308,NBA,2022,playoffs,6,,220.35,13221,35,83,0.422,28,58,0.482758621,7,25,0,31,36,0.861,20,27,47,9,18,6,12,14,24,,-37,108,31
308,NBA,2022,regular,63,63,1787.503333,107250.2,416,822,0.506,316,540,0.585185185,100,282,0,241,306,0.788,108,318,426,60,107,65,189,66,227,0,366,1173,243
309,NBA,2022,regular,18,1,162.3583333,9741.5,22,49,0.449,19,34,0.558823529,3,15,0,4,8,0.5,4,26,30,15,8,7,6,3,32,0,-7,51,6
310,NBA,2022,regular,66,66,2272.486667,136349.2,571,1144,0.499,371,634,0.585173502,200,510,0,349,399,0.875,130,440,570,123,127,42,38,65,137,0,163,1691,297
311,NBA,2022,regular,42,1,347.575,20854.5,55,89,0.618,50,81,0.617283951,5,8,0,15,19,0.789,29,51,80,9,14,3,11,8,50,0,-69,130,20
313,NBA,2022,regular,62,62,1825.21,109512.6,402,733,0.548,309,484,0.638429752,93,249,0,216,276,0.783,88,378,466,89,103,36,140,31,215,0,-47,1113,254
314,NBA,2022,regular,64,64,2238.851667,134331.1,512,1142,0.448,352,661,0.532526475,160,481,0,173,237,0.73,55,408,463,239,190,36,29,59,145,0,10,1357,176
315,NBA,2022,regular,67,42,1452.588333,87155.3,236,465,0.508,180,323,0.557275542,56,142,0,119,150,0.793,65,182,247,103,56,46,20,37,63,0,-266,647,97
316,NBA,2022,regular,77,58,2149.826667,128989.6,277,651,0.425,120,248,0.483870968,157,403,0,69,87,0.793,69,243,312,197,102,126,41,25,191,0,102,780,75
316,NBA,2022,playoffs,11,,274.1633333,16449.8,31,81,0.383,12,32,0.375,19,49,0,6,8,0.75,14,22,36,18,8,13,9,6,20,,4,87,10
317,NBA,2022,regular,40,2,566.6483333,33998.9,86,209,0.411,37,75,0.493333333,49,134,0,25,30,0.833,8,36,44,56,30,15,3,7,32,0,-66,246,26
317,NBA,2022,playoffs,1,,5.3,318,0,2,0,0,0,,0,2,0,0,0,0,0,0,0,0,0,0,0,0,1,,-1,0,1
318,NBA,2022,playoffs,5,,190.515,11430.9,22,36,0.611,22,36,0.611111111,0,0,0,3,6,0.5,15,22,37,12,3,4,5,5,10,,-28,47,7
318,NBA,2022,regular,68,68,2220.111667,133206.7,403,626,0.644,402,616,0.652597403,1,10,0,162,221,0.733,221,445,666,113,93,54,84,44,153,0,345,969,224
319,NBA,2022,playoffs,7,,117.5533333,7053.2,17,40,0.425,8,13,0.615384615,9,27,0,3,5,0.6,9,31,40,5,3,2,0,1,12,,20,46,10
319,NBA,2022,regular,74,0,1247.235,74834.1,187,408,0.458,100,168,0.595238095,87,240,0,101,124,0.815,68,232,300,66,64,27,31,21,97,0,105,562,103
322,NBA,2022,regular,59,26,1081.486667,64889.2,230,369,0.623,204,310,0.658064516,26,59,0,93,126,0.738,86,253,339,31,38,16,30,33,102,0,-93,579,98
322,NBA,2022,playoffs,1,,0.496666667,29.8,0,0,0,0,0,,0,0,0,0,0,0,0,0,0,0,0,0,0,0,0,,0,0,0
323,NBA,2022,regular,56,32,1297.036667,77822.2,236,527,0.448,145,278,0.521582734,91,249,0,91,106,0.858,14,95,109,64,46,30,17,21,71,0,-207,654,69
323,NBA,2022,playoffs,13,,178.9583333,10737.5,29,60,0.483,16,26,0.615384615,13,34,0,9,12,0.75,1,11,12,11,4,7,1,0,16,,1,80,7
324,NBA,2022,playoffs,5,,187.07,11224.2,45,106,0.425,32,75,0.426666667,13,31,0,20,26,0.769,8,26,34,35,17,9,1,7,12,,-16,123,34
324,NBA,2022,regular,61,59,1948.348333,116900.9,566,1214,0.466,474,914,0.518599562,92,300,0,372,497,0.748,61,296,357,493,206,66,16,84,100,0,302,1596,380
325,NBA,2022,regular,60,59,2240.573333,134434.4,594,1203,0.494,406,707,0.574257426,188,496,0,247,273,0.905,59,245,304,331,128,66,45,55,165,0,222,1623,217
326,NBA,2022,regular,48,15,1145.153333,68709.2,237,468,0.506,189,346,0.546242775,48,122,0,163,199,0.819,37,68,105,138,85,27,6,51,112,0,-28,685,172
327,NBA,2022,regular,79,79,2735.555,164133.3,577,938,0.615,546,855,0.638596491,31,83,0,325,438,0.742,251,722,973,573,230,65,39,64,279,0,212,1510,373
327,NBA,2022,playoffs,7,,242.9383333,14576.3,49,99,0.495,48,94,0.510638298,1,5,0,16,28,0.571,31,46,77,33,26,10,6,10,28,,-49,115,29
329,NBA,2022,regular,80,73,2481.875,148912.5,475,1038,0.458,187,361,0.51800554,288,677,0,106,129,0.822,67,333,400,225,139,92,26,40,156,0,-84,1344,68
330,NBA,2022,regular,63,9,1466.03,87961.8,284,584,0.486,233,424,0.549528302,51,160,0,88,119,0.739,53,230,283,58,53,19,26,40,72,0,-28,707,85
330,NBA,2022,playoffs,16,,388.0333333,23282,73,131,0.557,54,92,0.586956522,19,39,0,30,34,0.882,9,49,58,10,10,8,4,9,25,,19,195,24
331,NBA,2022,playoffs,7,,113.1366667,6788.2,17,27,0.63,17,26,0.653846154,0,1,0,9,14,0.643,10,18,28,3,2,3,3,0,15,,26,43,15
331,NBA,2022,regular,69,4,978.4966667,58709.8,178,337,0.528,157,253,0.62055336,21,84,0,79,105,0.752,119,161,280,68,59,16,30,22,126,0,141,456,104
332,NBA,2022,regular,10,1,136.875,8212.5,17,43,0.395,16,31,0.516129032,1,12,0,9,13,0.692,10,28,38,6,7,6,2,4,14,0,-19,44,15
333,NBA,2022,regular,67,0,849.1383333,50948.3,166,274,0.606,166,271,0.612546125,0,3,0,67,125,0.536,138,306,444,33,75,45,27,27,117,0,25,399,109
335,NBA,2022,regular,41,1,477.3916667,28643.5,55,86,0.64,45,69,0.652173913,10,17,0,22,29,0.759,42,80,122,15,23,8,21,11,55,0,-83,142,31
337,NBA,2022,playoffs,19,,473.2016667,28392.1,82,196,0.418,49,109,0.449541284,33,87,0,29,35,0.829,13,53,66,55,19,3,5,11,29,,57,226,31
337,NBA,2022,regular,67,0,1743.815,104628.9,354,732,0.484,222,435,0.510344828,132,297,0,160,184,0.87,42,238,280,248,98,45,18,51,109,0,182,1000,169
338,NBA,2022,regular,78,47,1604.22,96253.2,289,395,0.732,289,395,0.73164557,0,0,0,127,187,0.679,163,270,433,84,85,33,99,28,187,0,-89,705,169
339,NBA,2022,regular,63,63,2063.331667,123799.9,503,1113,0.452,369,706,0.52266289,134,407,0,245,327,0.749,56,262,318,183,134,46,11,64,125,0,-491,1385,229
340,NBA,2022,regular,56,8,1090.138333,65408.3,229,349,0.656,228,343,0.664723032,1,6,0,100,139,0.719,92,218,310,72,55,34,37,18,131,0,-14,559,122
341,NBA,2022,playoffs,3,,58.07166667,3484.3,10,19,0.526,7,10,0.7,3,9,0,2,3,0.667,0,3,3,6,1,0,0,0,2,,-14,25,3
341,NBA,2022,regular,61,7,1210.715,72642.9,208,449,0.463,114,217,0.525345622,94,232,0,51,55,0.927,13,87,100,99,51,36,7,14,96,0,-69,561,57
342,NBA,2022,playoffs,5,,188.5216667,11311.3,35,80,0.438,23,49,0.469387755,12,31,0,21,25,0.84,0,9,9,25,18,8,1,2,17,,-18,103,22
342,NBA,2022,regular,69,69,2447.15,146829,522,1129,0.462,353,717,0.492329149,169,412,0,277,321,0.863,28,157,185,538,199,85,9,54,148,0,438,1490,298
344,NBA,2022,regular,4,0,29.51666667,1771,3,6,0.5,3,4,0.75,0,2,0,1,2,0.5,2,8,10,1,4,1,0,0,3,0,12,7,4
345,NBA,2022,regular,3,0,55.83166667,3349.9,8,21,0.381,2,3,0.666666667,6,18,0,2,2,1,0,6,6,5,0,2,0,2,5,0,24,24,4
346,NBA,2022,regular,76,40,2020.38,121222.8,253,579,0.437,184,347,0.530259366,69,232,0,122,165,0.739,74,413,487,211,123,65,29,36,209,0,-51,697,136
347,NBA,2022,regular,43,21,844.3016667,50658.1,121,259,0.467,105,198,0.53030303,16,61,0,39,56,0.696,57,57,114,50,30,24,13,13,67,0,-180,297,65
349,NBA,2022,regular,74,33,1527.175,91630.5,201,440,0.457,59,107,0.551401869,142,333,0,18,28,0.643,23,141,164,101,41,34,13,22,140,0,-24,562,22
349,NBA,2022,playoffs,4,,43.665,2619.9,2,13,0.154,1,1,1,1,12,0,2,2,1,0,5,5,0,3,2,0,0,5,,15,7,1
350,NBA,2022,regular,36,1,294.145,17648.7,61,96,0.635,61,96,0.635416667,0,0,0,33,72,0.458,57,82,139,4,15,4,14,11,39,0,27,155,51
351,NBA,2022,regular,73,73,2435.241667,146114.5,682,1331,0.512,563,964,0.584024896,119,367,0,343,440,0.78,40,266,306,447,181,83,23,53,172,0,176,1826,343
351,NBA,2022,playoffs,7,,269.5916667,16175.5,70,165,0.424,49,102,0.480392157,21,63,0,31,41,0.756,12,26,38,54,28,15,4,7,23,,-20,192,35
353,NBA,2022,regular,38,1,456.8016667,27408.1,69,125,0.552,63,99,0.636363636,6,26,0,23,42,0.548,61,76,137,39,22,16,26,11,64,0,26,167,45
354,NBA,2022,regular,11,0,28.48333333,1709,2,8,0.25,2,8,0.25,0,0,0,2,2,1,3,8,11,3,2,2,2,1,5,0,-10,6,1
356,NBA,2022,playoffs,5,,48.68333333,2921,2,9,0.222,2,5,0.4,0,4,0,0,0,0,4,6,10,4,1,2,2,1,6,,-23,4,0
356,NBA,2022,regular,72,23,1493.813333,89628.8,138,320,0.431,78,143,0.545454545,60,177,0,28,36,0.778,64,246,310,100,37,77,25,14,112,0,209,364,53
357,NBA,2022,regular,42,32,1105.016667,66301,133,235,0.566,133,233,0.570815451,0,2,0,25,57,0.439,40,223,263,256,97,54,24,10,139,0,40,291,72
358,NBA,2022,regular,3,0,10.38333333,623,2,3,0.667,1,1,1,1,2,0,0,0,0,0,0,0,1,1,1,0,0,0,0,-1,5,0
359,NBA,2022,regular,72,36,1894.38,113662.8,235,540,0.435,85,162,0.524691358,150,378,0,58,71,0.817,80,245,325,252,112,97,10,16,133,0,124,678,113
359,NBA,2022,playoffs,13,,235.04,14102.4,24,64,0.375,9,20,0.45,15,44,0,8,12,0.667,11,28,39,36,17,11,3,2,20,,-38,71,14
361,NBA,2022,regular,65,2,1083.176667,64990.6,123,319,0.386,75,164,0.457317073,48,155,0,104,145,0.717,62,156,218,44,34,33,13,22,79,0,22,398,92
363,NBA,2022,regular,38,32,1178.078333,70684.7,261,595,0.439,158,329,0.480243161,103,266,0,78,100,0.78,8,140,148,136,57,43,17,18,57,0,-295,703,68
365,NBA,2022,regular,80,31,2279.485,136769.1,358,741,0.483,267,487,0.54825462,91,254,0,116,153,0.758,63,265,328,268,123,87,51,38,190,0,31,923,118
365,NBA,2022,playoffs,20,,531.6883333,31901.3,90,176,0.511,72,119,0.605042017,18,57,0,42,49,0.857,15,65,80,38,23,21,9,15,49,,103,240,34
366,NBA,2022,regular,44,13,891.5633333,53493.8,73,177,0.412,28,50,0.56,45,127,0,15,23,0.652,20,130,150,37,17,28,21,7,89,0,108,206,28
366,NBA,2022,playoffs,2,,11.13333333,668,0,1,0,0,0,,0,1,0,2,2,1,0,3,3,0,0,0,0,0,0,,-8,2,2
367,NBA,2022,regular,66,0,689.0166667,41341,129,219,0.589,120,181,0.662983425,9,38,0,54,73,0.74,47,151,198,40,32,22,21,11,81,0,88,321,62
367,NBA,2022,playoffs,3,,6.126666667,367.6,0,1,0,0,1,0,0,0,0,2,3,0.667,1,0,1,0,1,0,0,0,0,,8,2,1
369,NBA,2022,regular,56,56,1882.853333,112971.2,412,841,0.49,251,439,0.571753986,161,402,0,175,201,0.871,33,172,205,585,141,91,25,46,69,0,-35,1160,157
370,NBA,2022,regular,6,1,61.4,3684,3,19,0.158,2,9,0.222222222,1,10,0,2,2,1,2,10,12,4,2,1,0,1,4,0,-7,9,1
371,NBA,2022,regular,68,65,1983.738333,119024.3,341,743,0.459,296,585,0.505982906,45,158,0,148,172,0.86,56,189,245,448,110,89,9,41,98,0,-325,875,184
372,NBA,2022,regular,61,29,1180.108333,70806.5,188,306,0.614,184,291,0.632302405,4,15,0,49,89,0.551,121,186,307,96,44,58,29,34,97,0,-1,429,71
372,NBA,2022,playoffs,6,,183.2866667,10997.2,24,45,0.533,23,41,0.56097561,1,4,0,3,5,0.6,17,31,48,19,4,4,4,8,17,,-5,52,5
373,NBA,2022,regular,76,75,2270.656667,136239.4,414,587,0.705,414,585,0.707692308,0,2,0,133,246,0.541,184,518,702,144,96,65,189,29,212,0,119,961,220
373,NBA,2022,playoffs,4,,116.6333333,6998,18,25,0.72,18,25,0.72,0,0,0,6,10,0.6,5,27,32,6,3,1,7,0,8,,-25,42,12
374,NBA,2022,regular,76,46,1652.566667,99154,175,354,0.494,113,183,0.617486339,62,171,0,78,103,0.757,52,135,187,87,42,56,30,16,158,0,126,490,79
374,NBA,2022,playoffs,5,,74.545,4472.7,11,23,0.478,7,10,0.7,4,13,0,6,6,1,3,4,7,4,4,2,2,1,10,,3,32,8
375,NBA,2022,regular,64,5,840.9766667,50458.6,154,364,0.423,65,121,0.537190083,89,243,0,34,43,0.791,20,119,139,67,53,43,12,13,104,0,47,431,35
375,NBA,2022,playoffs,4,,57.64333333,3458.6,8,20,0.4,2,3,0.666666667,6,17,0,2,2,1,2,7,9,6,2,1,0,1,12,,-6,24,2
377,NBA,2022,regular,68,31,1278.825,76729.5,242,508,0.476,188,317,0.593059937,54,191,0,104,137,0.759,129,265,394,66,72,21,60,39,153,0,-95,642,144
378,NBA,2022,regular,59,8,624.5933333,37475.6,71,132,0.538,67,103,0.650485437,4,29,0,49,67,0.731,37,62,99,34,15,7,12,10,70,0,-12,195,57
380,NBA,2022,regular,58,58,1841.453333,110487.2,450,939,0.479,284,532,0.533834586,166,407,0,181,205,0.883,43,248,291,254,126,56,22,73,150,0,356,1247,149
380,NBA,2022,playoffs,6,,231.345,13880.7,49,116,0.422,33,66,0.5,16,50,0,27,29,0.931,7,29,36,19,17,3,0,13,19,,-32,141,14
381,NBA,2022,playoffs,2,,19.64833333,1178.9,2,3,0.667,2,3,0.666666667,0,0,0,2,2,1,2,4,6,5,2,0,1,0,3,,-9,6,1
381,NBA,2022,regular,48,3,552.4866667,33149.2,93,171,0.544,87,160,0.54375,6,11,0,35,55,0.636,99,101,200,37,42,15,32,17,89,0,-101,227,45
382,NBA,2022,regular,62,25,1120.483333,67229,129,288,0.448,99,193,0.512953368,30,95,0,40,57,0.702,48,159,207,33,27,27,19,30,79,0,6,328,44
382,NBA,2022,playoffs,2,,8.816666667,529,1,2,0.5,0,1,0,1,1,1,2,2,1,0,3,3,0,0,0,0,0,0,,7,5,1
383,NBA,2022,regular,5,0,28.69,1721.4,6,9,0.667,6,9,0.666666667,0,0,0,0,2,0,5,6,11,1,1,0,2,0,7,0,-30,12,2
386,NBA,2022,regular,74,45,2093.29,125597.4,291,585,0.497,128,201,0.63681592,163,384,0,75,88,0.852,33,174,207,87,55,32,9,36,97,0,-124,820,68
387,NBA,2022,regular,4,0,93.36166667,5601.7,9,26,0.346,6,14,0.428571429,3,12,0,7,9,0.778,2,11,13,18,11,1,2,4,8,0,-2,28,11
388,NBA,2022,regular,37,4,560.755,33645.3,84,196,0.429,59,99,0.595959596,25,97,0,17,22,0.773,16,63,79,35,37,14,6,5,58,0,-76,210,35
388,NBA,2022,playoffs,4,,11.955,717.3,2,7,0.286,1,4,0.25,1,3,0,0,0,0,0,2,2,2,2,0,0,1,1,,-9,5,1
389,NBA,2022,playoffs,6,,7,420,0,0,0,0,0,,0,0,0,0,0,0,0,1,1,0,0,0,0,0,0,,5,0,0
389,NBA,2022,regular,36,4,385.7533333,23145.2,36,93,0.387,19,38,0.5,17,55,0,11,15,0.733,23,38,61,23,13,14,6,5,40,0,5,100,16
390,NBA,2022,playoffs,5,,187.6166667,11257,22,48,0.458,22,47,0.468085106,0,1,0,5,8,0.625,15,35,50,10,12,3,6,4,13,,-4,49,10
390,NBA,2022,regular,79,79,2715.261667,162915.7,525,947,0.554,503,845,0.595266272,22,102,0,205,304,0.674,187,524,711,224,146,60,119,63,218,0,339,1277,249
391,NBA,2022,regular,80,9,1447.03,86821.8,181,399,0.454,118,202,0.584158416,63,197,0,25,31,0.806,16,89,105,185,62,44,15,13,112,0,1,450,94
391,NBA,2022,playoffs,7,,139.7683333,8386.1,19,46,0.413,12,19,0.631578947,7,27,0,5,6,0.833,3,6,9,12,6,6,1,2,7,,-23,50,6
393,NBA,2022,regular,46,12,897.2266667,53833.6,123,333,0.369,68,159,0.427672956,55,174,0,61,72,0.847,19,96,115,64,41,25,9,19,65,0,-114,362,66
394,NBA,2022,regular,2,0,6.233333333,374,1,2,0.5,0,1,0,1,1,1,0,0,0,0,0,0,1,0,1,0,0,1,0,6,3,1
395,NBA,2022,regular,9,0,49.655,2979.3,3,14,0.214,0,2,0,3,12,0,0,0,0,0,4,4,3,1,0,0,1,3,0,2,9,0
397,NBA,2022,playoffs,2,,15.64666667,938.8,3,7,0.429,3,5,0.6,0,2,0,0,0,0,0,1,1,1,1,0,0,0,2,,-13,6,0
397,NBA,2022,regular,57,4,947.5533333,56853.2,201,456,0.441,150,323,0.464396285,51,133,0,151,174,0.868,8,87,95,78,63,20,7,14,55,0,-4,604,125
401,NBA,2022,regular,63,12,1042.293333,62537.6,179,318,0.563,177,304,0.582236842,2,14,0,95,146,0.651,113,169,282,51,51,31,93,30,154,0,-124,455,117
402,NBA,2022,regular,54,9,795.46,47727.6,108,198,0.545,102,164,0.62195122,6,34,0,18,26,0.692,71,95,166,75,42,54,5,9,88,0,-92,240,39
404,NBA,2022,playoffs,6,,100.6766667,6040.6,15,33,0.455,8,18,0.444444444,7,15,0,2,2,1,7,19,26,7,2,3,0,1,5,,-38,39,5
404,NBA,2022,regular,77,20,1681.748333,100904.9,247,525,0.47,153,259,0.590733591,94,266,0,108,144,0.75,85,286,371,97,60,45,48,20,143,0,91,696,125
405,NBA,2022,playoffs,1,,4.716666667,283,1,3,0.333,1,2,0.5,0,1,0,0,0,0,0,0,0,0,1,0,0,0,1,,-4,2,1
405,NBA,2022,regular,23,0,228.0233333,13681.4,36,78,0.462,35,66,0.53030303,1,12,0,12,17,0.706,11,18,29,21,18,10,1,10,31,0,-35,85,17
409,NBA,2022,regular,31,3,393.8266667,23629.6,94,256,0.367,54,145,0.372413793,40,111,0,16,24,0.667,2,34,36,63,34,6,4,16,23,0,-6,244,27
410,NBA,2022,regular,20,0,161.85,9711,19,32,0.594,18,30,0.6,1,2,0,4,5,0.8,8,17,25,7,8,5,5,1,24,0,6,43,6
411,NBA,2022,playoffs,5,,149.0966667,8945.8,18,44,0.409,8,15,0.533333333,10,29,0,5,6,0.833,1,6,7,13,4,3,2,2,12,,-34,51,4
411,NBA,2022,regular,69,58,1965.508333,117930.5,291,653,0.446,159,297,0.535353535,132,356,0,142,173,0.821,16,118,134,183,104,43,25,31,78,0,-210,856,132
412,NBA,2022,regular,67,66,1816.526667,108991.6,144,360,0.4,64,121,0.52892562,80,239,0,47,65,0.723,44,203,247,194,60,63,41,12,187,0,-80,415,92
413,NBA,2022,regular,62,2,1227.433333,73646,150,351,0.427,80,171,0.467836257,70,180,0,57,72,0.792,21,85,106,217,56,34,9,19,88,0,-110,427,76
414,NBA,2022,playoffs,4,,13.50666667,810.4,2,3,0.667,2,3,0.666666667,0,0,0,1,2,0.5,0,4,4,1,2,0,1,0,2,,7,5,1
414,NBA,2022,regular,39,8,585.855,35151.3,88,115,0.765,87,114,0.763157895,1,1,1,22,48,0.458,52,150,202,34,48,12,23,6,71,0,-119,199,53
417,NBA,2022,regular,31,2,263.4366667,15806.2,39,75,0.52,34,56,0.607142857,5,19,0,6,11,0.545,27,20,47,10,9,3,6,6,26,0,18,89,11
418,NBA,2022,regular,71,71,2652.036667,159122.2,630,1313,0.48,537,1026,0.523391813,93,287,0,367,474,0.774,131,425,556,415,169,65,36,35,228,0,123,1720,401
419,NBA,2022,regular,34,3,754.73,45283.8,138,339,0.407,105,230,0.456521739,33,109,0,77,113,0.681,14,78,92,178,80,27,12,31,59,0,-106,386,80
420,NBA,2022,regular,71,71,2304.096667,138245.8,445,948,0.469,251,458,0.548034934,194,490,0,179,216,0.829,35,180,215,437,186,70,29,23,140,0,85,1263,186
420,NBA,2022,playoffs,16,,472.5433333,28352.6,83,195,0.426,56,108,0.518518519,27,87,0,20,26,0.769,10,37,47,74,29,11,5,3,32,,8,213,36
421,NBA,2022,regular,68,68,1941.593333,116495.6,278,557,0.499,185,321,0.576323988,93,236,0,198,232,0.853,82,338,420,252,168,60,37,30,232,0,14,847,255
422,NBA,2022,regular,58,58,2135.005,128100.3,371,842,0.441,210,424,0.495283019,161,418,0,313,361,0.867,40,314,354,618,195,71,31,52,112,0,277,1216,267
422,NBA,2022,playoffs,11,,427.195,25631.7,72,183,0.393,41,101,0.405940594,31,82,0,48,55,0.873,6,62,68,91,35,20,4,15,28,,-40,223,46
425,NBA,2022,regular,8,0,112.5633333,6753.8,7,15,0.467,6,6,1,1,9,0,2,3,0.667,3,14,17,19,9,4,3,0,11,0,35,17,9
426,NBA,2022,regular,69,69,2534.986667,152099.2,437,1112,0.393,230,506,0.454545455,207,606,0,254,283,0.898,30,250,280,495,140,123,38,58,193,0,195,1335,221
427,NBA,2022,regular,66,50,1985.945,119156.7,270,650,0.415,196,425,0.461176471,74,225,0,216,252,0.857,21,144,165,298,112,50,10,45,145,0,125,830,188
427,NBA,2022,playoffs,16,,416.8116667,25008.7,41,103,0.398,28,64,0.4375,13,39,0,23,28,0.821,3,28,31,46,20,16,3,6,40,,44,118,26
428,NBA,2022,regular,29,29,957.05,57423,212,428,0.495,152,264,0.575757576,60,164,0,118,135,0.874,48,188,236,140,86,20,17,19,111,0,39,602,133
428,NBA,2022,playoffs,5,,179.995,10799.7,32,70,0.457,26,46,0.565217391,6,24,0,21,28,0.75,6,45,51,10,18,3,4,4,21,,-46,91,34
429,NBA,2022,regular,32,12,523.9016667,31434.1,62,152,0.408,21,55,0.381818182,41,97,0,18,22,0.818,20,54,74,28,11,16,1,9,39,0,-44,183,27
430,NBA,2022,playoffs,4,,39.53666667,2372.2,1,5,0.2,0,1,0,1,4,0,0,0,0,2,5,7,1,2,2,1,1,7,,-13,3,0
430,NBA,2022,regular,11,0,138.7183333,8323.1,22,49,0.449,6,12,0.5,16,37,0,1,1,1,3,11,14,6,10,6,3,1,16,0,-17,61,2
432,NBA,2022,regular,22,2,175.8783333,10552.7,24,50,0.48,17,29,0.586206897,7,21,0,2,2,1,8,22,30,8,12,4,9,3,26,0,-9,57,3
433,NBA,2022,playoffs,13,,493.1283333,29587.7,145,311,0.466,88,154,0.571428571,57,157,0,49,58,0.845,9,58,67,79,42,13,6,13,34,,47,396,59
433,NBA,2022,regular,56,56,1941.151667,116469.1,559,1133,0.493,286,494,0.578947368,273,639,0,257,281,0.915,39,302,341,352,179,52,20,41,117,0,268,1648,219
434,NBA,2022,regular,67,67,2385.651667,143139.1,421,885,0.476,279,518,0.538610039,142,367,0,140,167,0.838,95,237,332,131,132,128,50,65,200,0,132,1124,155
435,NBA,2022,regular,67,17,1738.358333,104301.5,396,769,0.515,291,490,0.593877551,105,279,0,217,281,0.772,87,404,491,121,121,30,72,40,169,0,-46,1114,274
436,NBA,2022,playoffs,11,,90.94833333,5456.9,10,34,0.294,3,8,0.375,7,26,0,6,6,1,3,5,8,2,2,1,0,3,6,,-10,33,3
436,NBA,2022,regular,81,27,2093.085,125585.1,370,937,0.395,135,279,0.483870968,235,658,0,50,65,0.769,35,248,283,124,90,65,9,26,107,0,-87,1025,47
437,NBA,2022,regular,63,63,2245.525,134731.5,434,913,0.475,290,554,0.523465704,144,359,0,278,342,0.813,53,230,283,150,116,51,53,54,152,0,-35,1290,278
438,NBA,2022,regular,74,74,2435.878333,146152.7,423,845,0.501,297,521,0.570057582,126,324,0,113,129,0.876,67,357,424,186,89,68,40,52,149,0,296,1085,110
438,NBA,2022,playoffs,11,,391.6966667,23501.8,70,134,0.522,55,93,0.591397849,15,41,0,13,15,0.867,17,63,80,18,8,7,6,8,28,,-9,168,13
442,NBA,2022,regular,76,0,1523.47,91408.2,261,529,0.493,199,340,0.585294118,62,189,0,128,168,0.762,157,264,421,29,41,47,64,35,143,0,-18,712,139
444,NBA,2022,regular,54,4,1192.548333,71552.9,177,379,0.467,103,185,0.556756757,74,194,0,65,77,0.844,15,117,132,84,69,28,15,14,123,0,0,493,85
444,NBA,2022,playoffs,5,,99.935,5996.1,12,33,0.364,4,12,0.333333333,8,21,0,7,9,0.778,3,4,7,4,5,3,1,2,9,,-35,39,5
445,NBA,2022,regular,1,0,5.05,303,0,3,0,0,2,0,0,1,0,0,0,0,1,1,2,1,0,0,0,0,0,0,-2,0,0
446,NBA,2022,playoffs,9,,336.4033333,20184.2,66,153,0.431,61,125,0.488,5,28,0,76,84,0.905,16,72,88,24,35,6,25,11,27,,-6,213,60
446,NBA,2022,regular,66,66,2284.106667,137046.4,728,1328,0.548,662,1128,0.586879433,66,200,0,661,771,0.857,113,557,670,274,226,66,112,91,205,0,424,2183,511
449,NBA,2022,playoffs,13,,467.7966667,28067.8,85,219,0.388,35,83,0.421686747,50,136,0,21,24,0.875,1,53,54,29,26,7,4,7,28,,20,241,21
449,NBA,2022,regular,69,69,2278.911667,136734.7,546,1252,0.436,245,521,0.47024952,301,731,0,116,132,0.879,39,247,286,163,123,49,29,33,130,0,163,1509,92
450,NBA,2022,regular,32,8,467.9016667,28074.1,77,173,0.445,35,74,0.472972973,42,99,0,26,39,0.667,15,38,53,53,24,15,4,11,23,0,20,222,30
451,NBA,2022,regular,39,4,405.1216667,24307.3,59,112,0.527,59,108,0.546296296,0,4,0,35,50,0.7,54,83,137,31,25,6,34,14,74,0,-75,153,42
453,NBA,2022,regular,42,25,990.455,59427.3,202,382,0.529,183,316,0.579113924,19,66,0,81,108,0.75,94,175,269,36,46,19,30,17,81,0,-229,504,97
454,NBA,2022,playoffs,11,,157.2616667,9435.7,18,36,0.5,6,10,0.6,12,26,0,0,0,0,0,4,4,2,5,0,2,2,16,,-14,48,1
454,NBA,2022,regular,78,1,1511.848333,90710.9,222,502,0.442,68,118,0.576271186,154,384,0,39,45,0.867,19,166,185,77,54,31,14,13,145,0,75,637,50
457,NBA,2022,playoffs,12,,366.9533333,22017.2,42,91,0.462,37,71,0.521126761,5,20,0,24,33,0.727,19,64,83,82,27,18,12,7,48,,-12,113,43
457,NBA,2022,regular,73,73,2297.635,137858.1,250,474,0.527,210,343,0.612244898,40,131,0,77,108,0.713,66,459,525,500,204,74,61,20,229,0,346,617,148
458,NBA,2022,regular,66,44,2117.993333,127079.6,405,935,0.433,239,485,0.492783505,166,450,0,172,205,0.839,30,143,173,106,55,104,14,32,102,0,-52,1148,134
459,NBA,2022,regular,59,59,2023.883333,121433,391,884,0.442,250,499,0.501002004,141,385,0,207,264,0.784,76,238,314,338,188,82,17,62,156,0,-343,1130,197
460,NBA,2022,playoffs,10,,175.355,10521.3,14,37,0.378,12,23,0.52173913,2,14,0,11,13,0.846,12,9,21,13,3,6,2,2,18,,-47,41,9
460,NBA,2022,regular,72,26,1350.59,81035.4,162,414,0.391,96,217,0.442396313,66,197,0,139,192,0.724,109,142,251,105,63,56,34,26,114,0,106,529,178
461,NBA,2022,regular,56,0,995.865,59751.9,215,375,0.573,210,354,0.593220339,5,21,0,87,148,0.588,57,137,194,55,71,53,16,19,124,0,-16,522,117
462,NBA,2022,playoffs,3,,11.26666667,676,0,2,0,0,1,0,0,1,0,2,2,1,0,1,1,1,1,0,0,1,0,,-1,2,2
462,NBA,2022,regular,37,0,353.49,21209.4,48,111,0.432,30,65,0.461538462,18,46,0,26,36,0.722,6,36,42,22,24,10,3,8,18,0,2,140,27
465,NBA,2022,regular,8,2,146.3416667,8780.5,15,30,0.5,9,13,0.692307692,6,17,0,8,8,1,6,13,19,8,4,11,0,0,7,0,-21,44,13
467,NBA,2022,regular,54,0,686.2583333,41175.5,73,201,0.363,10,21,0.476190476,63,180,0,48,53,0.906,11,62,73,26,19,24,5,2,62,0,-87,257,51
468,NBA,2022,regular,78,65,1879.741667,112784.5,247,451,0.548,218,361,0.603878116,29,90,0,96,139,0.691,170,412,582,184,97,83,21,30,190,0,-101,619,140
468,NBA,2022,playoffs,15,,246.6866667,14801.2,24,60,0.4,17,31,0.548387097,7,29,0,14,20,0.7,19,29,48,12,13,11,12,2,31,,-18,69,24
470,NBA,2022,regular,76,11,1567.353333,94041.2,241,503,0.479,185,355,0.521126761,56,148,0,99,116,0.853,39,152,191,240,94,25,13,37,123,0,144,637,103
470,NBA,2022,playoffs,6,,20.96,1257.6,3,5,0.6,3,4,0.75,0,1,0,2,2,1,0,3,3,2,1,2,0,0,3,,-4,8,2
472,NBA,2022,regular,35,3,248.025,14881.5,16,38,0.421,9,17,0.529411765,7,21,0,7,8,0.875,7,27,34,13,7,7,7,2,39,0,-11,46,14
473,NBA,2022,playoffs,13,,441.905,26514.3,83,181,0.459,64,117,0.547008547,19,64,0,32,47,0.681,24,49,73,25,17,11,15,10,45,,40,217,42
473,NBA,2022,regular,37,37,1190.28,71416.8,250,529,0.473,161,304,0.529605263,89,225,0,44,72,0.611,61,125,186,85,48,45,28,21,107,0,118,633,82
474,NBA,2022,playoffs,1,,4.716666667,283,1,2,0.5,0,0,,1,2,0,0,2,0,0,1,1,0,1,0,0,0,0,,-4,3,1
474,NBA,2022,regular,58,1,927.7866667,55667.2,114,232,0.491,54,97,0.556701031,60,135,0,34,47,0.723,30,111,141,48,22,25,17,9,80,0,-7,322,38
475,NBA,2022,regular,76,76,2602.155,156129.3,566,1359,0.416,379,805,0.470807453,187,554,0,364,463,0.786,43,241,284,281,200,59,18,105,131,0,-447,1683,312
476,NBA,2022,regular,43,0,678.49,40709.4,61,145,0.421,37,67,0.552238806,24,78,0,15,18,0.833,15,47,62,148,33,32,4,8,28,0,84,161,21
476,NBA,2022,playoffs,2,,14.11,846.6,0,4,0,0,2,0,0,2,0,0,0,0,0,2,2,2,0,0,0,1,2,,-11,0,1
477,NBA,2022,regular,76,56,2153.588333,129215.3,307,815,0.377,227,529,0.429111531,80,286,0,92,112,0.821,28,193,221,470,173,104,28,29,219,0,-500,786,129
480,NBA,2022,regular,6,0,53.1,3186,1,10,0.1,0,6,0,1,4,0,0,0,0,6,4,10,8,3,5,0,2,9,0,-3,3,1
481,NBA,2022,regular,82,70,1957.595,117455.7,242,384,0.63,242,383,0.631853786,0,1,0,94,155,0.606,274,486,760,207,45,52,50,34,224,0,157,578,123
481,NBA,2022,playoffs,13,,325.2983333,19517.9,37,64,0.578,37,64,0.578125,0,0,0,10,18,0.556,61,109,170,43,13,8,5,6,36,,50,84,18
483,NBA,2022,regular,57,7,914.3833333,54863,81,237,0.342,41,97,0.422680412,40,140,0,24,36,0.667,18,80,98,132,86,31,7,12,59,0,-151,226,41
484,NBA,2022,playoffs,5,,62.13,3727.8,6,26,0.231,3,17,0.176470588,3,9,0,1,2,0.5,4,1,5,3,2,0,0,0,4,,-29,16,2
484,NBA,2022,regular,65,2,1251.695,75101.7,280,625,0.448,213,393,0.541984733,67,232,0,77,99,0.778,36,134,170,132,65,42,5,38,101,0,-8,704,81
485,NBA,2022,playoffs,6,,132.72,7963.2,15,40,0.375,8,22,0.363636364,7,18,0,8,9,0.889,7,17,24,6,2,3,0,3,3,,-34,45,7
485,NBA,2022,regular,77,37,2128.695,127721.7,353,836,0.422,202,418,0.483253589,151,418,0,205,238,0.861,98,264,362,118,71,70,13,55,123,0,-147,1062,152
486,NBA,2022,regular,35,2,507.8716667,30472.3,87,135,0.644,84,127,0.661417323,3,8,0,22,37,0.595,75,118,193,48,41,16,33,4,74,0,-32,199,29
489,NBA,2022,regular,22,1,367.605,22056.3,41,69,0.594,28,43,0.651162791,13,26,0,6,7,0.857,24,45,69,30,16,22,5,1,43,0,39,101,8
489,NBA,2022,playoffs,12,,191.45,11487,36,54,0.667,32,39,0.820512821,4,15,0,6,9,0.667,22,22,44,9,11,8,6,3,19,,-46,82,8
490,NBA,2022,regular,55,12,1140.52,68431.2,196,404,0.485,167,296,0.564189189,29,108,0,87,124,0.702,100,228,328,50,59,31,30,31,102,0,-37,508,91
491,NBA,2022,regular,82,49,2292.158333,137529.5,410,720,0.569,342,504,0.678571429,68,216,0,151,222,0.68,126,326,452,123,91,41,30,53,147,0,-368,1039,152
492,NBA,2022,regular,68,11,1250.908333,75054.5,310,577,0.537,235,360,0.652777778,75,217,0,86,127,0.677,73,260,333,77,92,42,53,33,176,0,-128,781,110
493,NBA,2022,regular,50,47,1414.058333,84843.5,195,441,0.442,128,236,0.542372881,67,205,0,110,149,0.738,115,288,403,70,68,20,34,20,133,0,-226,567,120
494,NBA,2022,regular,71,28,1200.438333,72026.3,110,253,0.435,56,105,0.533333333,54,148,0,19,28,0.679,40,100,140,53,24,83,32,7,113,0,-14,293,33
496,NBA,2022,regular,1,0,28.8,1728,8,13,0.615,4,5,0.8,4,8,0,0,1,0,2,2,4,2,2,1,0,0,4,0,2,20,2
497,NBA,2022,playoffs,8,,88.91833333,5335.1,6,20,0.3,3,5,0.6,3,15,0,2,2,1,4,7,11,5,1,2,0,2,8,,0,17,2
497,NBA,2022,regular,74,5,1506.295,90377.7,200,452,0.442,90,205,0.43902439,110,247,0,94,104,0.904,39,186,225,99,78,30,7,14,118,0,79,604,104
498,NBA,2022,regular,53,2,690.7883333,41447.3,87,242,0.36,40,109,0.366972477,47,133,0,25,33,0.758,15,61,76,70,25,21,4,9,65,0,-40,246,34
499,NBA,2022,playoffs,6,,31.46666667,1888,2,5,0.4,1,1,1,1,4,0,0,0,0,1,5,6,0,2,1,1,0,3,,-4,5,0
499,NBA,2022,regular,62,4,1195.018333,71701.1,148,314,0.471,75,115,0.652173913,73,199,0,46,60,0.767,56,159,215,96,54,28,20,11,134,0,32,415,68
500,NBA,2022,playoffs,5,,198.6316667,11917.9,55,114,0.482,40,71,0.563380282,15,43,0,33,39,0.846,3,22,25,26,8,9,10,3,13,,-15,158,25
500,NBA,2022,regular,79,78,2841.455,170487.3,707,1541,0.459,494,963,0.51298027,213,578,0,319,422,0.756,47,411,458,350,259,125,58,59,186,0,97,1946,278
501,NBA,2022,regular,25,1,373.53,22411.8,49,121,0.405,38,91,0.417582418,11,30,0,42,57,0.737,13,32,45,67,24,19,1,13,32,0,-30,151,49
507,NBA,2022,regular,7,0,70,4200,7,29,0.241,5,14,0.357142857,2,15,0,5,5,1,8,9,17,6,7,2,5,1,4,0,14,21,5
508,NBA,2022,regular,79,78,2416.488333,144989.3,370,716,0.517,263,447,0.58836689,107,269,0,106,144,0.736,92,215,307,148,112,74,76,29,272,0,70,953,125
509,NBA,2022,regular,3,0,9.1,546,1,1,1,1,1,1,0,0,0,2,2,1,0,1,1,0,0,0,0,0,0,0,-3,4,2
510,NBA,2022,playoffs,11,,423.1183333,25387.1,82,192,0.427,48,107,0.448598131,34,85,0,28,31,0.903,9,44,53,25,8,15,5,11,26,,4,226,20
510,NBA,2022,regular,60,41,2015.77,120946.2,439,913,0.481,279,544,0.512867647,160,369,0,180,213,0.845,23,153,176,212,80,49,8,38,132,0,241,1218,159
513,NBA,2022,regular,52,9,700.0583333,42003.5,64,143,0.448,56,100,0.56,8,43,0,19,24,0.792,28,96,124,65,34,16,10,12,80,0,-147,155,35
514,NBA,2022,regular,5,0,34.28333333,2057,5,15,0.333,4,10,0.4,1,5,0,0,0,0,3,5,8,4,0,1,0,2,2,0,-4,11,1
514,NBA,2022,playoffs,4,,10.45,627,1,4,0.25,1,1,1,0,3,0,0,0,0,0,0,0,0,0,0,0,0,2,,0,2,0
515,NBA,2022,regular,31,7,677.4883333,40649.3,110,229,0.48,97,183,0.530054645,13,46,0,50,69,0.725,41,77,118,84,47,21,7,25,106,0,-94,283,67
516,NBA,2022,regular,14,0,68.47333333,4108.4,3,20,0.15,3,16,0.1875,0,4,0,0,0,0,4,3,7,7,7,3,1,1,10,0,2,6,8
517,NBA,2022,regular,28,0,243.42,14605.2,63,116,0.543,49,77,0.636363636,14,39,0,41,52,0.788,33,30,63,18,14,3,2,8,43,0,18,181,35
518,NBA,2022,playoffs,11,,156.8816667,9412.9,22,38,0.579,22,38,0.578947368,0,0,0,7,7,1,27,33,60,7,6,6,4,3,15,,6,51,6
518,NBA,2022,regular,69,2,755.1633333,45309.8,124,209,0.593,123,203,0.60591133,1,6,0,38,51,0.745,112,150,262,27,45,45,51,17,123,0,-17,287,46
521,NBA,2022,playoffs,13,,284.12,17047.2,46,135,0.341,30,72,0.416666667,16,63,0,26,34,0.765,4,24,28,46,15,10,3,11,32,,-5,134,34
521,NBA,2022,regular,82,43,2458.093333,147485.6,550,1278,0.43,336,641,0.524180967,214,637,0,361,415,0.87,32,193,225,369,252,63,21,75,214,0,-11,1675,342
522,NBA,2022,regular,77,76,2677.55,160653,463,1016,0.456,400,792,0.505050505,63,224,0,190,246,0.772,179,333,512,371,154,83,61,47,170,0,175,1179,210
523,NBA,2022,regular,64,2,786.215,47172.9,153,329,0.465,132,240,0.55,21,89,0,45,60,0.75,20,51,71,73,60,33,15,20,59,0,-225,372,41
524,NBA,2022,regular,38,0,290.7483333,17444.9,46,81,0.568,38,59,0.644067797,8,22,0,39,57,0.684,22,34,56,13,21,10,6,7,41,0,-9,139,33
524,NBA,2022,playoffs,2,,4.73,283.8,1,4,0.25,1,2,0.5,0,2,0,0,0,0,1,0,1,0,1,0,0,0,0,,-3,2,0
525,NBA,2022,regular,52,22,1198.736667,71924.2,120,288,0.417,46,85,0.541176471,74,203,0,32,39,0.821,28,115,143,41,30,28,28,7,103,0,-202,346,35
526,NBA,2022,regular,73,10,1395.346667,83720.8,224,508,0.441,63,114,0.552631579,161,394,0,82,100,0.82,27,148,175,88,39,48,8,11,105,0,213,691,102
530,NBA,2022,regular,31,2,278.5433333,16712.6,55,130,0.423,40,79,0.506329114,15,51,0,17,24,0.708,11,34,45,36,18,13,13,7,34,0,-34,142,20
531,NBA,2022,regular,75,72,2170.656667,130239.4,442,799,0.553,423,742,0.570080863,19,57,0,206,288,0.715,242,436,678,291,193,70,70,62,258,0,-283,1109,330
532,NBA,2022,regular,27,1,335.03,20101.8,46,98,0.469,37,70,0.528571429,9,28,0,13,19,0.684,9,38,47,58,19,8,5,7,24,0,-110,114,21
533,NBA,2022,regular,12,12,400.1833333,24011,93,224,0.415,76,163,0.466257669,17,61,0,36,43,0.837,12,62,74,72,39,10,7,23,34,0,-60,239,37
534,NBA,2022,regular,16,2,89.26666667,5356,17,35,0.486,15,30,0.5,2,5,0,6,8,0.75,6,8,14,8,3,7,3,3,15,0,-3,42,4
534,NBA,2022,playoffs,4,,16.91,1014.6,4,4,1,4,4,1,0,0,0,1,2,0.5,0,0,0,0,1,1,0,0,2,,3,9,1
536,NBA,2022,regular,1,0,3.016666667,181,1,1,1,1,1,1,0,0,0,0,0,0,0,0,0,0,1,0,0,0,2,0,1,2,0
537,NBA,2022,regular,45,22,867.1866667,52031.2,189,339,0.558,185,319,0.579937304,4,20,0,68,97,0.701,73,194,267,30,51,7,27,23,108,0,-327,450,77
539,NBA,2022,regular,75,1,970.18,58210.8,86,177,0.486,62,118,0.525423729,24,59,0,29,47,0.617,120,187,307,64,47,44,29,19,135,0,-253,225,48
545,NBA,2022,playoffs,10,,61.2,3672,13,24,0.542,10,17,0.588235294,3,7,0,5,9,0.556,4,5,9,5,4,2,0,0,5,,-23,34,7
545,NBA,2022,regular,67,16,1394.425,83665.5,261,497,0.525,207,351,0.58974359,54,146,0,90,138,0.652,70,161,231,125,95,41,31,33,157,0,-53,666,123
553,NBA,2022,regular,63,3,817.1466667,49028.8,108,227,0.476,59,92,0.641304348,49,135,0,37,53,0.698,28,77,105,51,34,18,7,10,54,0,-7,302,54
553,NBA,2022,playoffs,12,,161.34,9680.4,23,43,0.535,10,21,0.476190476,13,22,0,11,12,0.917,7,24,31,8,2,5,4,1,18,,-14,70,9
632,NBA,2022,regular,5,0,58.51666667,3511,9,22,0.409,4,4,1,5,18,0,2,2,1,0,9,9,5,0,4,0,0,3,0,-5,25,1
672,NBA,2022,regular,25,0,258.7016667,15522.1,25,57,0.439,20,41,0.487804878,5,16,0,6,9,0.667,6,17,23,31,5,9,3,3,13,0,-9,61,8
744,NBA,2022,regular,7,0,55.97,3358.2,6,15,0.4,3,9,0.333333333,3,6,0,5,8,0.625,1,4,5,6,2,2,0,2,2,0,26,20,5
760,NBA,2022,regular,7,0,94.93333333,5696,15,25,0.6,9,13,0.692307692,6,12,0,15,16,0.938,6,15,21,10,5,3,4,0,15,0,-7,51,11
768,NBA,2022,regular,2,0,41.06666667,2464,9,20,0.45,5,9,0.555555556,4,11,0,3,5,0.6,3,7,10,9,3,0,0,1,3,0,18,25,4
776,NBA,2022,regular,40,6,645.3233333,38719.4,101,228,0.443,76,139,0.54676259,25,89,0,51,75,0.68,43,68,111,28,34,28,3,22,91,0,-41,278,72
784,NBA,2022,regular,62,7,1105.423333,66325.4,158,353,0.448,120,235,0.510638298,38,118,0,53,69,0.768,57,148,205,168,57,58,26,27,95,0,-117,407,76
800,NBA,2022,regular,7,0,52.44,3146.4,10,15,0.667,6,8,0.75,4,7,0,0,0,0,3,13,16,4,2,1,0,0,5,0,-3,24,2
832,NBA,2022,regular,9,1,113.6416667,6818.5,15,30,0.5,14,22,0.636363636,1,8,0,5,7,0.714,12,19,31,4,4,1,5,0,17,0,14,36,12
848,NBA,2022,regular,63,9,945.09,56705.4,131,292,0.449,50,85,0.588235294,81,207,0,40,52,0.769,37,166,203,50,23,15,24,10,98,0,204,383,50
848,NBA,2022,playoffs,6,,21.23333333,1274,2,4,0.5,0,0,,2,4,0,3,4,0.75,3,1,4,1,1,0,0,0,1,,11,9,2
864,NBA,2022,regular,68,67,2415.985,144959.1,704,1381,0.51,646,1213,0.532563891,58,168,0,669,739,0.905,59,270,329,371,192,112,65,97,192,0,149,2135,491
872,NBA,2022,regular,53,10,1205.981667,72358.9,179,346,0.517,129,212,0.608490566,50,134,0,17,39,0.436,97,164,261,105,32,45,14,13,112,0,75,425,71
880,NBA,2022,regular,43,1,616.1616667,36969.7,83,183,0.454,63,130,0.484615385,20,53,0,38,70,0.543,34,104,138,38,27,22,34,26,44,0,-70,224,51
888,NBA,2022,regular,74,72,2272.356667,136341.4,339,873,0.388,204,464,0.439655172,135,409,0,200,259,0.772,128,216,344,154,92,75,23,53,243,0,34,1013,272
904,NBA,2022,regular,45,2,815.5783333,48934.7,118,242,0.488,83,152,0.546052632,35,90,0,38,41,0.927,7,71,78,135,30,23,5,9,64,0,-92,309,40
912,NBA,2022,regular,42,2,473.6283333,28417.7,67,155,0.432,49,95,0.515789474,18,60,0,20,41,0.488,21,87,108,38,31,18,7,7,53,0,-110,172,37
920,NBA,2022,regular,44,7,853.6566667,51219.4,102,254,0.402,74,159,0.465408805,28,95,0,63,74,0.851,14,109,123,152,59,37,12,15,61,0,-147,295,57
928,NBA,2022,regular,34,25,701.3483333,42080.9,108,249,0.434,70,145,0.482758621,38,104,0,22,35,0.629,45,114,159,64,43,20,43,8,58,0,-196,276,29
936,NBA,2022,regular,29,0,165.4233333,9925.4,15,37,0.405,10,16,0.625,5,21,0,1,2,0.5,6,20,26,17,5,5,1,3,17,0,-3,36,1
952,NBA,2022,regular,41,0,530.825,31849.5,70,178,0.393,12,16,0.75,58,162,0,16,20,0.8,16,59,75,28,10,14,11,3,42,0,136,214,12
960,NBA,2022,regular,43,19,813.7083333,48822.5,110,248,0.444,73,137,0.532846715,37,111,0,35,42,0.833,71,109,180,43,19,24,11,13,71,0,-10,292,36
968,NBA,2022,regular,67,5,1183.388333,71003.3,197,501,0.393,116,244,0.475409836,81,257,0,42,55,0.764,27,128,155,120,62,40,11,16,99,0,57,517,53
976,NBA,2022,regular,76,75,2367.271667,142036.3,539,1118,0.482,463,884,0.523755656,76,234,0,106,145,0.731,148,451,599,469,211,57,31,83,143,0,-105,1260,114
984,NBA,2022,regular,70,14,1297.436667,77846.2,186,363,0.512,138,241,0.572614108,48,122,0,59,71,0.831,68,143,211,80,56,39,15,33,110,0,9,479,61
1008,NBA,2022,regular,58,58,2106.59,126395.4,556,1202,0.463,312,544,0.573529412,244,658,0,510,558,0.914,44,233,277,425,191,50,18,46,109,0,105,1866,413
1024,NBA,2022,regular,52,52,1391.415,83484.9,262,505,0.519,219,386,0.567357513,43,119,0,127,192,0.661,114,357,471,149,119,43,44,34,185,0,9,694,184
1032,NBA,2022,playoffs,5,,88.85,5331,12,23,0.522,2,3,0.666666667,10,20,0,0,0,0,1,5,6,10,6,3,1,0,7,,-9,34,3
1032,NBA,2022,regular,46,0,1043.498333,62609.9,108,248,0.435,25,45,0.555555556,83,203,0,18,21,0.857,13,115,128,150,55,33,6,5,74,0,80,317,32
1040,NBA,2022,regular,29,11,775.7916667,46547.5,81,198,0.409,67,153,0.437908497,14,45,0,20,28,0.714,49,96,145,98,43,30,11,13,89,0,-38,196,26
1048,NBA,2022,regular,22,3,567.5416667,34052.5,116,216,0.537,99,180,0.55,17,36,0,41,53,0.774,9,91,100,124,35,25,10,16,58,0,-62,290,43
1056,NBA,2022,playoffs,11,,353.1283333,21187.7,45,94,0.479,35,62,0.564516129,10,32,0,14,22,0.636,18,63,81,24,21,9,3,8,38,,-19,114,29
1056,NBA,2022,regular,76,52,2454.025,147241.5,275,520,0.529,214,356,0.601123596,61,164,0,132,176,0.75,142,451,593,290,117,88,21,40,195,0,315,743,163
1064,NBA,2022,regular,62,62,2170.66,130239.6,467,1045,0.447,255,483,0.527950311,212,562,0,160,179,0.894,18,143,161,253,128,42,14,42,142,0,-75,1306,129
1072,NBA,2022,regular,78,28,1583.676667,95020.6,214,334,0.641,207,316,0.655063291,7,18,0,83,125,0.664,132,286,418,103,67,40,102,9,169,0,-131,518,130
1096,NBA,2022,regular,54,4,976.0566667,58563.4,134,303,0.442,76,145,0.524137931,58,158,0,33,46,0.717,27,114,141,50,36,20,20,19,66,0,-190,359,37
1136,NBA,2022,regular,16,0,93.09166667,5585.5,11,28,0.393,10,21,0.476190476,1,7,0,5,12,0.417,2,17,19,3,6,4,5,4,13,0,-5,28,7
1144,NBA,2022,regular,40,0,416.36,24981.6,67,178,0.376,39,97,0.402061856,28,81,0,27,41,0.659,11,33,44,59,43,19,6,9,43,0,-153,189,33
1152,NBA,2022,regular,62,12,1181.608333,70896.5,181,323,0.56,156,259,0.602316602,25,64,0,72,100,0.72,42,196,238,130,71,32,12,14,118,0,-181,459,91
1160,NBA,2022,regular,78,78,2372.476667,142348.6,477,899,0.531,341,535,0.637383178,136,364,0,149,190,0.784,157,363,520,99,107,37,193,26,203,0,398,1239,164
1160,NBA,2022,playoffs,5,,181.595,10895.7,39,67,0.582,32,50,0.64,7,17,0,10,13,0.769,14,18,32,6,11,7,9,2,10,,-29,95,13
1168,NBA,2022,regular,16,0,185.3583333,11121.5,26,54,0.481,20,36,0.555555556,6,18,0,8,13,0.615,15,29,44,4,11,2,7,3,23,0,-25,66,11
1176,NBA,2022,regular,46,1,833.31,49998.6,78,166,0.47,44,71,0.61971831,34,95,0,42,55,0.764,15,70,85,110,34,26,6,8,55,0,41,232,56
1184,NBA,2022,regular,67,65,2182.54,130952.4,490,1023,0.479,332,612,0.54248366,158,411,0,152,177,0.859,79,262,341,495,197,79,25,45,116,0,481,1290,161
1184,NBA,2022,playoffs,5,,190.7333333,11444,34,85,0.4,22,43,0.511627907,12,42,0,9,13,0.692,4,29,33,40,12,5,2,4,12,,4,89,12
1192,NBA,2022,playoffs,2,,41.26666667,2476,4,9,0.444,0,2,0,4,7,0,0,0,0,1,2,3,1,0,2,1,1,3,,-32,12,2
1192,NBA,2022,regular,52,0,820.425,49225.5,58,160,0.363,19,36,0.527777778,39,124,0,24,28,0.857,34,79,113,34,18,20,13,2,71,0,53,179,31
1200,NBA,2022,regular,33,19,800.7733333,48046.4,177,406,0.436,126,244,0.516393443,51,162,0,92,102,0.902,28,112,140,163,71,23,5,19,68,0,132,497,86
1200,NBA,2022,playoffs,5,,173.045,10382.7,40,86,0.465,27,54,0.5,13,32,0,26,30,0.867,7,25,32,31,17,3,0,4,15,,13,119,21
1208,NBA,2022,playoffs,3,,91.44166667,5486.5,28,53,0.528,28,50,0.56,0,3,0,14,31,0.452,8,25,33,16,14,1,2,2,9,,-16,70,22
1208,NBA,2022,regular,63,63,2023.615,121416.9,707,1278,0.553,660,1107,0.596205962,47,171,0,498,772,0.645,137,605,742,359,246,52,51,82,197,0,341,1959,570
1216,NBA,2022,regular,37,0,206.2066667,12372.4,20,46,0.435,20,38,0.526315789,0,8,0,11,22,0.5,15,29,44,15,12,3,3,5,22,0,-114,51,14
1216,NBA,2022,playoffs,2,,5.2,312,0,0,0,0,0,,0,0,0,0,0,0,0,0,0,0,0,0,0,0,0,,0,0,0
1224,NBA,2022,playoffs,5,,107.2883333,6437.3,20,41,0.488,15,23,0.652173913,5,18,0,3,3,1,10,31,41,6,4,3,2,0,15,,1,48,7
1224,NBA,2022,regular,70,22,1818.431667,109105.9,398,803,0.496,303,546,0.554945055,95,257,0,96,125,0.768,154,518,672,105,81,29,16,34,115,0,17,987,98
1232,NBA,2022,playoffs,4,,88.365,5301.9,17,30,0.567,6,7,0.857142857,11,23,0,3,4,0.75,4,16,20,7,2,4,1,0,10,,-21,48,5
1232,NBA,2022,regular,61,33,1442.735,86564.1,165,421,0.392,56,99,0.565656566,109,322,0,27,41,0.659,50,233,283,77,33,37,11,14,69,0,134,466,51
1248,NBA,2022,playoffs,5,,149.3183333,8959.1,19,41,0.463,5,12,0.416666667,14,29,0,6,7,0.857,1,11,12,9,4,2,0,3,7,,-3,58,11
1248,NBA,2022,regular,72,70,1972.136667,118328.2,245,557,0.44,99,191,0.518324607,146,366,0,114,126,0.905,61,176,237,163,72,62,14,22,117,0,227,750,121
1256,NBA,2022,playoffs,4,,49.29833333,2957.9,2,9,0.222,1,2,0.5,1,7,0,0,0,0,0,4,4,4,0,1,0,1,1,,-15,5,2
1256,NBA,2022,regular,81,39,1811.751667,108705.1,239,565,0.423,97,228,0.425438596,142,337,0,31,38,0.816,35,167,202,197,78,66,29,16,158,0,63,651,49
1264,NBA,2022,regular,7,1,86.65,5199,18,37,0.486,12,19,0.631578947,6,18,0,8,9,0.889,0,7,7,14,12,0,2,2,7,0,-39,50,13
1272,NBA,2022,regular,62,14,1188.085,71285.1,194,445,0.436,108,234,0.461538462,86,211,0,68,86,0.791,51,178,229,88,66,24,14,30,74,0,-252,542,70
1288,NBA,2022,regular,43,7,659.6533333,39579.2,97,230,0.422,67,131,0.511450382,30,99,0,39,57,0.684,70,115,185,62,35,14,12,14,52,0,-114,263,47
1309,NBA,2022,regular,5,0,27.77166667,1666.3,1,6,0.167,0,1,0,1,5,0,2,2,1,1,3,4,5,1,0,2,0,0,0,-19,5,2
1314,NBA,2022,regular,3,0,8.25,495,4,5,0.8,3,3,1,1,2,0,0,0,0,1,1,2,0,0,0,0,0,0,0,2,9,0
1320,NBA,2022,regular,53,12,736.1566667,44169.4,124,269,0.461,93,182,0.510989011,31,87,0,99,108,0.917,13,66,79,68,50,31,10,25,83,0,25,378,89
1320,NBA,2022,playoffs,1,,4.45,267,0,0,0,0,0,,0,0,0,0,0,0,0,0,0,1,0,0,0,0,0,,-4,0,1
1332,NBA,2022,regular,2,0,6.498333333,389.9,0,2,0,0,1,0,0,1,0,0,0,0,0,0,0,0,0,0,0,1,0,0,5,0,1
1369,NBA,2022,regular,4,0,44.48333333,2669,6,14,0.429,5,11,0.454545455,1,3,0,4,7,0.571,1,4,5,7,4,1,1,2,5,0,-26,17,6
1381,NBA,2022,regular,23,1,171.635,10298.1,11,24,0.458,10,20,0.5,1,4,0,2,2,1,18,30,48,7,11,2,8,4,35,0,-13,25,4
1450,NBA,2022,playoffs,2,,5.2,312,0,1,0,0,1,0,0,0,0,0,0,0,0,1,1,0,0,0,0,0,0,,0,0,0
1450,NBA,2022,regular,9,2,113.7383333,6824.3,14,29,0.483,7,11,0.636363636,7,18,0,8,9,0.889,12,22,34,1,6,2,0,2,16,0,-27,43,12
1622,NBA,2022,regular,32,0,212.7983333,12767.9,17,50,0.34,8,23,0.347826087,9,27,0,4,7,0.571,1,12,13,41,10,7,0,1,20,0,-51,47,14
1768,NBA,2022,regular,7,4,160.8133333,9648.8,26,57,0.456,18,26,0.692307692,8,31,0,9,13,0.692,0,30,30,15,10,6,2,3,17,0,-6,69,10
1771,NBA,2022,regular,48,5,708.39,42503.4,146,333,0.438,83,177,0.468926554,63,156,0,65,79,0.823,11,78,89,65,46,17,7,30,64,0,-32,420,61
1791,NBA,2022,regular,59,11,1042.125,62527.5,87,208,0.418,60,122,0.491803279,27,86,0,26,40,0.65,36,152,188,134,57,43,11,10,99,0,-7,227,41
1845,NBA,2022,regular,52,11,701.3816667,42082.9,96,243,0.395,49,101,0.485148515,47,142,0,27,37,0.73,38,77,115,35,45,21,7,17,70,0,-99,266,28
1845,NBA,2022,playoffs,2,,5.2,312,2,3,0.667,1,2,0.5,1,1,1,0,0,0,0,1,1,0,0,0,0,0,0,,0,5,1
1869,NBA,2022,regular,15,1,158.4266667,9505.6,18,45,0.4,13,26,0.5,5,19,0,3,3,1,2,22,24,22,3,10,4,3,23,0,-28,44,3
1876,NBA,2022,regular,4,0,36.43333333,2186,2,7,0.286,2,4,0.5,0,3,0,2,2,1,5,5,10,0,1,2,0,0,3,0,-5,6,5
1946,NBA,2022,regular,15,0,108.2683333,6496.1,22,44,0.5,12,19,0.631578947,10,25,0,2,8,0.25,6,15,21,2,3,2,0,3,11,0,-46,56,6
2010,NBA,2022,regular,4,0,38.95,2337,8,14,0.571,4,5,0.8,4,9,0,2,2,1,1,5,6,3,2,0,2,0,3,0,15,22,1
2051,NBA,2022,regular,18,0,240.0466667,14402.8,37,66,0.561,30,46,0.652173913,7,20,0,17,22,0.773,15,37,52,12,6,11,1,2,21,0,22,98,15
2052,NBA,2022,regular,17,3,320.135,19208.1,59,130,0.454,26,48,0.541666667,33,82,0,14,17,0.824,10,50,60,10,11,6,5,5,26,0,-74,165,14
2053,NBA,2022,regular,36,0,281.5083333,16890.5,35,83,0.422,33,68,0.485294118,2,15,0,6,13,0.462,9,29,38,58,18,12,5,11,15,0,-41,78,17
2055,NBA,2022,regular,9,0,82.66,4959.6,9,28,0.321,6,13,0.461538462,3,15,0,7,9,0.778,3,9,12,11,7,1,0,1,6,0,-24,28,5
2057,NBA,2022,regular,34,0,457.0483333,27422.9,47,107,0.439,31,64,0.484375,16,43,0,31,41,0.756,28,42,70,16,21,17,5,10,53,0,0,141,37
2059,NBA,2022,regular,51,4,812.19,48731.4,66,182,0.363,20,46,0.434782609,46,136,0,15,18,0.833,34,65,99,30,18,12,7,7,63,0,-84,193,14
2060,NBA,2022,regular,5,0,28.33333333,1700,2,9,0.222,0,1,0,2,8,0,3,3,1,0,0,0,3,1,0,0,0,1,0,3,9,2
2061,NBA,2022,regular,56,0,619.1633333,37149.8,83,198,0.419,67,142,0.471830986,16,56,0,34,45,0.756,48,83,131,34,29,10,13,13,69,0,-115,216,39
2063,NBA,2022,regular,23,2,186.1116667,11166.7,29,59,0.492,23,45,0.511111111,6,14,0,11,20,0.55,8,29,37,11,8,2,11,4,14,0,-47,75,13
2063,NBA,2022,playoffs,5,,13.66333333,819.8,2,5,0.4,1,3,0.333333333,1,2,0,0,0,0,1,3,4,1,1,0,1,0,2,,-6,5,1
2064,NBA,2022,regular,37,1,669.055,40143.3,69,215,0.321,49,163,0.300613497,20,52,0,26,44,0.591,12,70,82,98,65,25,5,26,67,0,-198,184,34
2068,NBA,2022,regular,1,0,5.266666667,316,0,0,0,0,0,,0,0,0,0,0,0,0,1,1,0,2,0,0,0,1,0,-5,0,0
2069,NBA,2022,regular,75,61,2275.591667,136535.5,414,794,0.521,341,589,0.578947368,73,205,0,155,191,0.812,84,253,337,248,123,103,35,52,191,0,-53,1056,163
2070,NBA,2022,regular,49,36,914.1583333,54849.5,102,234,0.436,56,121,0.462809917,46,113,0,38,54,0.704,44,197,241,76,37,28,12,17,111,0,-90,288,93
2072,NBA,2022,regular,43,17,827.975,49678.5,160,251,0.637,160,251,0.637450199,0,0,0,67,97,0.691,93,211,304,18,40,28,45,20,94,0,-79,387,76
2076,NBA,2022,regular,4,0,24.98333333,1499,5,12,0.417,2,2,1,3,10,0,2,2,1,1,5,6,1,0,0,1,1,2,0,1,15,1
2077,NBA,2022,regular,22,1,195.4966667,11729.8,24,47,0.511,23,45,0.511111111,1,2,0,10,16,0.625,31,19,50,4,9,7,8,6,15,0,-22,59,16
2078,NBA,2022,regular,39,1,568.71,34122.6,76,181,0.42,50,83,0.602409639,26,98,0,15,23,0.652,19,86,105,46,26,14,7,8,42,0,39,193,19
2079,NBA,2022,regular,67,31,1670.145,100208.7,258,398,0.648,258,396,0.651515152,0,2,0,96,157,0.611,229,366,595,75,92,44,59,35,182,0,-279,612,125
2083,NBA,2022,regular,35,1,344.95,20697,53,125,0.424,9,20,0.45,44,105,0,4,4,1,6,39,45,22,9,6,0,1,31,0,-26,154,4
2086,NBA,2022,regular,2,0,7.931666667,475.9,1,2,0.5,1,2,0.5,0,0,0,0,2,0,2,0,2,1,2,0,0,0,2,0,-9,2,1
2087,NBA,2022,regular,12,0,84.24,5054.4,12,28,0.429,9,20,0.45,3,8,0,4,4,1,4,16,20,3,1,4,3,2,8,0,31,31,3
2089,NBA,2022,regular,29,2,152.6583333,9159.5,18,43,0.419,16,26,0.615384615,2,17,0,4,5,0.8,4,14,18,18,8,8,5,3,13,0,-53,42,7
2089,NBA,2022,playoffs,1,,2.066666667,124,0,0,0,0,0,,0,0,0,0,0,0,0,0,0,0,1,0,0,0,0,,1,0,0
2090,NBA,2022,regular,16,0,65.54,3932.4,9,23,0.391,8,16,0.5,1,7,0,2,2,1,5,7,12,2,2,1,0,2,2,0,1,21,1
2094,NBA,2022,regular,46,7,786.9966667,47219.8,80,202,0.396,54,122,0.442622951,26,80,0,60,80,0.75,20,73,93,54,43,15,6,19,48,0,-150,246,69
2095,NBA,2022,playoffs,7,,194.0583333,11643.5,26,58,0.448,14,26,0.538461538,12,32,0,4,6,0.667,15,29,44,5,4,4,2,7,18,,-12,68,7
2095,NBA,2022,regular,80,78,2381.673333,142900.4,354,782,0.453,148,281,0.526690391,206,501,0,62,81,0.765,89,282,371,98,60,61,42,40,162,0,99,976,79
2097,NBA,2022,regular,31,0,225.845,13550.7,43,109,0.394,11,25,0.44,32,84,0,4,6,0.667,1,39,40,11,11,6,4,3,14,0,-51,122,4
2097,NBA,2022,playoffs,3,,11.48333333,689,0,3,0,0,0,,0,3,0,0,0,0,0,3,3,1,0,0,0,0,0,,-4,0,0
2098,NBA,2022,regular,5,0,70.53833333,4232.3,6,14,0.429,4,8,0.5,2,6,0,1,2,0.5,1,5,6,4,4,4,2,1,6,0,-17,15,1
2101,NBA,2022,regular,10,0,90.14333333,5408.6,5,27,0.185,1,2,0.5,4,25,0,2,2,1,2,4,6,4,0,2,0,0,6,0,3,16,1
2102,NBA,2022,regular,72,71,2429.723333,145783.4,479,1122,0.427,394,837,0.470728793,85,285,0,394,534,0.738,84,413,497,269,200,60,39,92,160,0,-215,1437,362
2103,NBA,2022,regular,66,32,1549.596667,92975.8,269,611,0.44,192,356,0.539325843,77,255,0,58,70,0.829,28,153,181,127,76,33,7,40,115,0,-364,673,60
2104,NBA,2022,regular,76,6,1181.14,70868.4,143,289,0.495,109,193,0.564766839,34,96,0,40,64,0.625,48,133,181,59,35,41,17,25,101,0,-114,360,46
2104,NBA,2022,playoffs,19,,247.035,14822.1,24,45,0.533,22,35,0.628571429,2,10,0,11,19,0.579,12,27,39,11,10,11,4,5,29,,-7,61,14
2105,NBA,2022,regular,28,0,407.565,24453.9,46,86,0.535,46,82,0.56097561,0,4,0,18,25,0.72,46,56,102,24,15,10,19,8,56,0,-108,110,23
2106,NBA,2022,regular,5,0,11.6,696,2,5,0.4,2,5,0.4,0,0,0,0,0,0,1,0,1,0,0,0,0,1,1,0,10,4,0
2107,NBA,2022,regular,80,15,1778.603333,106716.2,306,648,0.472,204,365,0.55890411,102,283,0,75,105,0.714,63,173,236,94,83,38,24,31,136,0,-297,789,91
2109,NBA,2022,regular,79,79,2450.546667,147032.8,364,892,0.408,244,501,0.487025948,120,391,0,162,206,0.786,122,447,569,101,104,43,74,35,227,0,-555,1010,156
2110,NBA,2022,regular,56,53,1457.7,87462,250,552,0.453,217,418,0.519138756,33,134,0,81,116,0.698,95,200,295,142,97,43,23,48,138,0,-235,614,100
2112,NBA,2022,regular,7,0,41.13833333,2468.3,3,9,0.333,0,1,0,3,8,0,0,0,0,1,6,7,4,0,0,0,0,3,0,3,9,1
2113,NBA,2022,regular,14,0,197.87,11872.2,17,44,0.386,12,24,0.5,5,20,0,6,6,1,11,26,37,4,3,4,1,5,23,0,21,45,6
2114,NBA,2022,regular,31,1,425.15,25509,47,89,0.528,47,83,0.56626506,0,6,0,22,31,0.71,48,78,126,25,16,12,12,8,53,0,27,116,33
2115,NBA,2022,regular,70,4,1258.501667,75510.1,180,420,0.429,115,208,0.552884615,65,212,0,41,65,0.631,50,143,193,59,57,29,19,24,107,0,-61,466,58
2115,NBA,2022,playoffs,6,,75.62166667,4537.3,8,29,0.276,2,9,0.222222222,6,20,0,1,1,1,4,13,17,4,1,0,2,2,6,,-32,23,1
2116,NBA,2022,regular,12,0,62.07,3724.2,7,20,0.35,4,11,0.363636364,3,9,0,6,6,1,3,9,12,6,16,1,1,2,10,0,-47,23,4
2120,NBA,2022,regular,35,0,414.2866667,24857.2,37,95,0.389,13,24,0.541666667,24,71,0,7,9,0.778,19,44,63,21,18,12,4,4,49,0,-78,105,9
2122,NBA,2022,regular,24,1,175.9583333,10557.5,49,93,0.527,43,76,0.565789474,6,17,0,16,27,0.593,19,32,51,20,12,5,2,4,28,0,-48,120,22
2122,NBA,2022,playoffs,4,,11.87166667,712.3,3,8,0.375,3,6,0.5,0,2,0,1,2,0.5,1,2,3,1,0,0,0,0,0,,-9,7,1
2123,NBA,2022,regular,9,0,134.5833333,8075,19,42,0.452,18,30,0.6,1,12,0,17,22,0.773,2,6,8,15,4,4,1,3,10,0,-17,56,21
2124,NBA,2022,playoffs,7,,12.59666667,755.8,1,4,0.25,1,2,0.5,0,2,0,0,0,0,1,4,5,0,0,0,0,1,0,,4,2,0
2124,NBA,2022,regular,15,8,204.455,12267.3,28,69,0.406,20,34,0.588235294,8,35,0,18,19,0.947,9,22,31,10,10,7,2,0,19,0,-16,82,19
2126,NBA,2022,regular,59,22,1209.206667,72552.4,165,386,0.427,84,158,0.53164557,81,228,0,56,69,0.812,43,78,121,67,41,16,15,20,99,0,-19,467,49
2128,NBA,2022,regular,3,0,8.04,482.4,1,4,0.25,0,0,,1,4,0,0,0,0,0,2,2,0,0,0,0,0,0,0,-18,3,0
2129,NBA,2022,regular,74,40,1703.206667,102192.4,298,414,0.72,297,411,0.722627737,1,3,0,82,159,0.516,231,389,620,69,58,26,173,34,169,0,72,679,126
2130,NBA,2022,regular,58,19,801.7933333,48107.6,72,150,0.48,71,138,0.514492754,1,12,0,37,59,0.627,84,87,171,31,20,21,57,20,128,0,156,182,49
2132,NBA,2022,regular,38,0,213.945,12836.7,32,72,0.444,25,45,0.555555556,7,27,0,14,21,0.667,12,25,37,22,8,11,5,7,24,0,12,85,19
2133,NBA,2022,regular,52,6,765.8116667,45948.7,115,312,0.369,52,121,0.429752066,63,191,0,35,44,0.795,31,55,86,42,39,15,8,16,62,0,-205,328,36
2134,NBA,2022,regular,1,0,1.033333333,62,0,0,0,0,0,,0,0,0,0,0,0,0,0,0,0,0,0,0,0,0,0,-2,0,0
2136,NBA,2022,regular,75,63,2073.531667,124411.9,284,644,0.441,192,381,0.503937008,92,263,0,49,62,0.79,35,164,199,341,126,70,13,25,179,0,-263,709,117
2137,NBA,2022,regular,82,5,1767.22,106033.2,296,660,0.448,237,488,0.485655738,59,172,0,109,145,0.752,195,301,496,88,101,96,47,67,189,0,-157,760,110
2138,NBA,2022,regular,16,0,70.86333333,4251.8,7,16,0.438,1,4,0.25,6,12,0,4,7,0.571,4,4,8,6,1,5,1,0,10,0,-21,24,4
2142,NBA,2022,regular,74,73,2304.316667,138259,409,983,0.416,289,633,0.456556082,120,350,0,266,356,0.747,73,215,288,387,237,61,17,87,242,0,-642,1204,318
2143,NBA,2022,regular,4,0,18.11666667,1087,2,5,0.4,0,1,0,2,4,0,4,6,0.667,1,2,3,2,5,1,0,0,0,0,6,10,3
2144,NBA,2022,regular,18,0,232.25,13935,35,104,0.337,20,41,0.487804878,15,63,0,2,4,0.5,8,31,39,8,3,4,3,2,13,0,-87,87,3
2145,NBA,2022,regular,6,0,31.51666667,1891,4,12,0.333,3,9,0.333333333,1,3,0,5,9,0.556,2,2,4,2,2,2,1,2,3,0,-1,14,6
2146,NBA,2022,regular,78,17,2222.38,133342.8,413,951,0.434,313,641,0.488299532,100,310,0,376,454,0.828,87,231,318,116,152,48,13,84,162,0,-179,1302,305
2147,NBA,2022,regular,28,5,422.575,25354.5,66,171,0.386,49,101,0.485148515,17,70,0,14,27,0.519,10,55,65,28,17,10,8,9,48,0,-54,163,19
2148,NBA,2022,regular,72,12,1401.435,84086.1,248,533,0.465,147,274,0.53649635,101,259,0,42,47,0.894,37,116,153,73,42,42,12,22,87,0,63,639,40
2149,NBA,2022,regular,31,2,432.7133333,25962.8,58,160,0.363,39,80,0.4875,19,80,0,10,18,0.556,2,43,45,47,14,15,2,4,29,0,-47,145,18
2150,NBA,2022,regular,41,3,512.425,30745.5,44,106,0.415,18,44,0.409090909,26,62,0,14,16,0.875,7,68,75,21,13,9,7,6,33,0,-77,128,10
2150,NBA,2022,playoffs,9,,33.07333333,1984.4,5,10,0.5,4,6,0.666666667,1,4,0,2,4,0.5,1,6,7,3,0,0,1,0,0,,16,13,2
2151,NBA,2022,regular,12,0,65.70666667,3942.4,8,19,0.421,6,12,0.5,2,7,0,1,2,0.5,2,7,9,11,4,2,2,1,5,0,-6,19,2
2152,NBA,2022,regular,15,0,96.22333333,5773.4,18,36,0.5,16,30,0.533333333,2,6,0,8,8,1,5,20,25,5,3,4,6,6,10,0,24,46,5
2152,NBA,2022,playoffs,1,,6.316666667,379,0,1,0,0,0,,0,1,0,0,0,0,0,0,0,0,1,2,1,0,1,,-4,0,0
2153,NBA,2022,regular,9,0,47.5,2850,8,16,0.5,5,7,0.714285714,3,9,0,1,1,1,3,4,7,4,0,0,1,1,3,0,19,20,1
2154,NBA,2022,regular,15,1,104.59,6275.4,12,40,0.3,8,12,0.666666667,4,28,0,2,2,1,4,11,15,4,5,6,2,1,12,0,-34,30,3
2155,NBA,2022,regular,17,0,66.03333333,3962,8,19,0.421,5,10,0.5,3,9,0,2,3,0.667,6,11,17,4,2,3,2,2,9,0,-17,21,2
2258,NBA,2022,regular,1,0,40.78333333,2447,1,3,0.333,0,0,,1,3,0,0,0,0,0,4,4,7,2,3,0,0,3,0,-13,3,0
2259,NBA,2022,regular,19,1,221.1016667,13266.1,17,53,0.321,9,18,0.5,8,35,0,3,4,0.75,3,14,17,11,1,7,9,2,22,0,-70,45,5
2263,NBA,2022,regular,6,0,40.295,2417.7,4,7,0.571,4,6,0.666666667,0,1,0,1,2,0.5,2,4,6,3,2,4,0,1,9,0,4,9,2
2273,NBA,2022,regular,1,0,35.08333333,2105,6,12,0.5,4,7,0.571428571,2,5,0,2,2,1,3,6,9,7,4,0,1,0,5,0,-14,16,1
2275,NBA,2022,regular,1,0,2.116666667,127,0,1,0,0,0,,0,1,0,2,2,1,0,0,0,0,0,1,1,0,0,0,3,2,1
2303,NBA,2022,regular,5,4,126.5666667,7594,24,39,0.615,21,31,0.677419355,3,8,0,2,3,0.667,10,5,15,10,4,3,2,2,13,0,-38,53,2
2308,NBA,2022,regular,2,0,4.25,255,2,5,0.4,2,3,0.666666667,0,2,0,0,0,0,0,2,2,0,0,0,0,0,0,0,6,4,0
2324,NBA,2022,regular,1,0,20.78333333,1247,3,5,0.6,3,5,0.6,0,0,0,1,4,0.25,2,1,3,0,0,0,1,0,0,0,-29,7,4
2427,NBA,2022,regular,4,0,88.85,5331,7,23,0.304,4,11,0.363636364,3,12,0,0,1,0,3,12,15,4,4,2,5,0,9,0,-20,17,1
2428,NBA,2022,regular,10,1,125.7833333,7547,17,28,0.607,17,27,0.62962963,0,1,0,4,10,0.4,16,22,38,6,8,6,4,3,13,0,19,38,9
2429,NBA,2022,playoffs,2,,4.588333333,275.3,0,0,0,0,0,,0,0,0,0,0,0,0,0,0,0,0,0,0,0,2,,-6,0,1
#N/A,NBA,2022,playoffs,6,,32.34166667,1940.5,5,11,0.455,5,11,0.454545455,0,0,0,1,5,0.2,4,6,10,2,1,0,0,0,1,,8,11,5
